대수,국회의원코드,국회의원명,의안ID,의안번호,대표발의
제14대,NUX49887,이한동,013541,141436,true
제14대,FE487737,김두섭,013541,141436,false
제14대,T457000V,박명근,013541,141436,false
제14대,GBP60233,이용삼,013541,141436,false
제14대,KXY6183K,정재철,013541,141436,false
제14대,EBP9450V,강철선,013537,141432,false
제14대,T1Z9579M,권노갑,013537,141432,false
제14대,KDB6892X,김덕규,013537,141432,false
제14대,IYD4143Y,문희상,013537,141432,false
제14대,KDB6892X,김덕규,013536,141431,true
제14대,EBP9450V,강철선,013536,141431,false
제14대,T1Z9579M,권노갑,013536,141431,false
제14대,IYD4143Y,문희상,013536,141431,false
제14대,HIS36307,박세직,013516,141412,true
제14대,RF233621,주양자,013515,141411,true
제14대,MHE1145A,박상천,013515,141411,false
제14대,MHE1145A,박상천,013515,141411,false
제14대,6Z125924,송두호,013515,141411,false
제14대,EBP9450V,강철선,013514,141410,false
제14대,T1Z9579M,권노갑,013514,141410,false
제14대,KDB6892X,김덕규,013514,141410,false
제14대,IYD4143Y,문희상,013514,141410,false
제14대,1GW6444A,이우정,013514,141410,false
제14대,ACT1860R,조세형,013514,141410,false
제14대,YZD5879G,성무용,013513,141409,true
제14대,GVS3975B,안동선,013513,141409,false
제14대,WZK3380B,현경대,013512,141408,true
제14대,1KZ38436,강신옥,013512,141408,false
제14대,70X11962,박헌기,013512,141408,false
제14대,VLP8819K,변정일,013512,141408,false
제14대,NSW3570Z,정시채,013512,141408,false
제14대,RF233621,주양자,013511,141407,true
제14대,P5B5484Y,강선영,013511,141407,false
제14대,LGU7954E,정옥순,013511,141407,false
제14대,9TG26303,유수호,013502,141389,true
제14대,PT581709,함석재,013502,141389,false
제14대,QJ74422A,정상용,013484,141379,true
제14대,NSK21294,국종남,013484,141379,false
제14대,2LX5217V,박계동,013484,141379,false
제14대,ACT1860R,조세형,013484,141379,false
제14대,P1T31301,채영석,013484,141379,false
제14대,IAB1039R,황윤기,013483,141378,true
제14대,PB06312E,정장현,013481,141377,true
제14대,NSW3570Z,정시채,013480,141375,true
제14대,QJ74422A,정상용,013476,141373,true
제14대,NSK21294,국종남,013476,141373,false
제14대,HHM3642X,김진영,013476,141373,false
제14대,2LX5217V,박계동,013476,141373,false
제14대,Y009633J,배기선,013476,141373,false
제14대,ACT1860R,조세형,013476,141373,false
제14대,P1T31301,채영석,013476,141373,false
제14대,OKR39415,김원웅,013478,141372,true
제14대,7TU84910,한화갑,013473,141369,true
제14대,IL798843,김명규,013473,141369,false
제14대,IOI30449,김봉호,013473,141369,false
제14대,Y2W9921H,김영배,013473,141369,false
제14대,BTT7110U,김옥천,013473,141369,false
제14대,6VW96635,신순범,013473,141369,false
제14대,REX1877I,오탄,013473,141369,false
제14대,I9K4876K,이윤수,013473,141369,false
제14대,LIE6050F,최재승,013473,141369,false
제14대,E2Y5263C,정창현,013475,141368,true
제14대,AKX56559,조일현,013475,141368,false
제14대,W8L79935,이강두,013470,141364,true
제14대,ZB14984Z,이길재,013470,141364,false
제14대,E2Y5263C,정창현,013470,141364,false
제14대,JJ64316E,김상현,013466,141363,true
제14대,EBP9450V,강철선,013466,141363,false
제14대,NSK21294,국종남,013466,141363,false
제14대,C037592G,김동길,013466,141363,false
제14대,2XV6939Q,김말룡,013466,141363,false
제14대,BTT7110U,김옥천,013466,141363,false
제14대,3226963Z,김장곤,013466,141363,false
제14대,HIS36307,박세직,013466,141363,false
제14대,1O451032,박실,013466,141363,false
제14대,VYI2708Q,신기하,013466,141363,false
제14대,6VW96635,신순범,013466,141363,false
제14대,REX1877I,오탄,013466,141363,false
제14대,SDX64659,이종찬,013466,141363,false
제14대,JRH2218E,장기욱,013466,141363,false
제14대,HAP8679J,조순환,013466,141363,false
제14대,RF233621,주양자,013466,141363,false
제14대,JJ64316E,김상현,013468,141362,true
제14대,EBP9450V,강철선,013468,141362,false
제14대,NSK21294,국종남,013468,141362,false
제14대,C037592G,김동길,013468,141362,false
제14대,2XV6939Q,김말룡,013468,141362,false
제14대,BTT7110U,김옥천,013468,141362,false
제14대,3226963Z,김장곤,013468,141362,false
제14대,HIS36307,박세직,013468,141362,false
제14대,1O451032,박실,013468,141362,false
제14대,VYI2708Q,신기하,013468,141362,false
제14대,6VW96635,신순범,013468,141362,false
제14대,REX1877I,오탄,013468,141362,false
제14대,SDX64659,이종찬,013468,141362,false
제14대,JRH2218E,장기욱,013468,141362,false
제14대,HAP8679J,조순환,013468,141362,false
제14대,RF233621,주양자,013468,141362,false
제14대,JJ64316E,김상현,013465,141361,true
제14대,EBP9450V,강철선,013465,141361,false
제14대,NSK21294,국종남,013465,141361,false
제14대,C037592G,김동길,013465,141361,false
제14대,2XV6939Q,김말룡,013465,141361,false
제14대,BTT7110U,김옥천,013465,141361,false
제14대,3226963Z,김장곤,013465,141361,false
제14대,HIS36307,박세직,013465,141361,false
제14대,1O451032,박실,013465,141361,false
제14대,VYI2708Q,신기하,013465,141361,false
제14대,6VW96635,신순범,013465,141361,false
제14대,REX1877I,오탄,013465,141361,false
제14대,SDX64659,이종찬,013465,141361,false
제14대,JRH2218E,장기욱,013465,141361,false
제14대,HAP8679J,조순환,013465,141361,false
제14대,RF233621,주양자,013465,141361,false
제14대,JJ64316E,김상현,013467,141360,true
제14대,EBP9450V,강철선,013467,141360,false
제14대,NSK21294,국종남,013467,141360,false
제14대,C037592G,김동길,013467,141360,false
제14대,2XV6939Q,김말룡,013467,141360,false
제14대,BTT7110U,김옥천,013467,141360,false
제14대,3226963Z,김장곤,013467,141360,false
제14대,HIS36307,박세직,013467,141360,false
제14대,1O451032,박실,013467,141360,false
제14대,VYI2708Q,신기하,013467,141360,false
제14대,6VW96635,신순범,013467,141360,false
제14대,REX1877I,오탄,013467,141360,false
제14대,SDX64659,이종찬,013467,141360,false
제14대,JRH2218E,장기욱,013467,141360,false
제14대,HAP8679J,조순환,013467,141360,false
제14대,RF233621,주양자,013467,141360,false
제14대,TF57207F,박광태,013464,141359,false
제14대,KFV94013,박정훈,013464,141359,false
제14대,VYI2708Q,신기하,013464,141359,false
제14대,GVS3975B,안동선,013464,141359,false
제14대,RAU77180,조순승,013464,141359,false
제14대,31E2086R,장석화,013463,141358,true
제14대,ERX2058H,김충조,013463,141358,false
제14대,1O451032,박실,013463,141358,false
제14대,DY09919T,이원형,013463,141358,false
제14대,G7D4763A,장영달,013463,141358,false
제14대,2PO2218L,정균환,013463,141358,false
제14대,MHE1145A,박상천,013459,141356,true
제14대,MHE1145A,박상천,013459,141356,true
제14대,JJ64316E,김상현,013459,141356,false
제14대,0EI5067Y,한광옥,013459,141356,false
제14대,RUB28077,류종수,013456,141344,true
제14대,X9Z79695,김호일,013447,141343,true
제14대,HIT2733V,이영권,013447,141343,false
제14대,OKR39415,김원웅,013444,141339,true
제14대,1LA80851,박석무,013444,141339,false
제14대,XAT10663,홍기훈,013444,141339,false
제14대,JRH2218E,장기욱,013443,141337,true
제14대,KY92872I,강수림,013443,141337,false
제14대,MFE1178B,강창성,013443,141337,false
제14대,VW61947B,강희찬,013443,141337,false
제14대,2XV6939Q,김말룡,013443,141337,false
제14대,4RF2451S,김원기,013443,141337,false
제14대,OKR39415,김원웅,013443,141337,false
제14대,CAH1307G,김종완,013443,141337,false
제14대,2LX5217V,박계동,013443,141337,false
제14대,1LA80851,박석무,013443,141337,false
제14대,L7S1608E,박일,013443,141337,false
제14대,OS91397X,신진욱,013443,141337,false
제14대,NKK6370Y,양문희,013443,141337,false
제14대,6DG91769,원혜영,013443,141337,false
제14대,YE691699,이규택,013443,141337,false
제14대,7Q05452E,이기택,013443,141337,false
제14대,UMW2528R,이동근,013443,141337,false
제14대,62Z4390J,이상두,013443,141337,false
제14대,RDA1956L,이장희,013443,141337,false
제14대,9X386624,이철,013443,141337,false
제14대,9X386624,이철,013443,141337,false
제14대,8YU2963V,장준익,013443,141337,false
제14대,MVN8677Z,정기호,013443,141337,false
제14대,AZD9831F,제정구,013443,141337,false
제14대,MPQ32684,최욱철,013443,141337,false
제14대,VJ92042J,하근수,013443,141337,false
제14대,XAT10663,홍기훈,013443,141337,false
제14대,9U97658K,홍영기,013443,141337,false
제14대,HOE21077,황의성,013443,141337,false
제14대,Y786057K,박명환,013439,141335,true
제14대,XAT10663,홍기훈,013438,141334,true
제14대,OKR39415,김원웅,013438,141334,false
제14대,1LA80851,박석무,013438,141334,false
제14대,HIT2733V,이영권,013440,141333,true
제14대,BJG5829N,이협,013440,141333,false
제14대,1GW6444A,이우정,013437,141332,true
제14대,RIE23920,강부자,013437,141332,false
제14대,2XV6939Q,김말룡,013437,141332,false
제14대,9YE7981O,김해석,013437,141332,false
제14대,HIS36307,박세직,013437,141332,false
제14대,S2C3781V,신계륜,013437,141332,false
제14대,6DG91769,원혜영,013437,141332,false
제14대,PMN7940F,김윤환,013432,141329,true
제14대,04Z5194C,김인영,013432,141329,false
제14대,04Z5194C,김인영,013431,141328,true
제14대,04Z5194C,김인영,013433,141327,true
제14대,MIM8629D,양정규,013428,141323,true
제14대,EBP9450V,강철선,013428,141323,false
제14대,FE487737,김두섭,013428,141323,false
제14대,IL798843,김명규,013428,141323,false
제14대,IOI30449,김봉호,013428,141323,false
제14대,W0L3395K,김옥두,013428,141323,false
제14대,BTT7110U,김옥천,013428,141323,false
제14대,GTH3618V,김용환,013428,141323,false
제14대,SRH7774W,김인곤,013428,141323,false
제14대,4MX3134T,김형오,013428,141323,false
제14대,TF57207F,박광태,013428,141323,false
제14대,MHE1145A,박상천,013428,141323,false
제14대,MHE1145A,박상천,013428,141323,false
제14대,VLP8819K,변정일,013428,141323,false
제14대,6VW96635,신순범,013428,141323,false
제14대,REX1877I,오탄,013428,141323,false
제14대,4ML1121C,이학원,013428,141323,false
제14대,2PO2218L,정균환,013428,141323,false
제14대,QJ74422A,정상용,013428,141323,false
제14대,6QR2160X,정순덕,013428,141323,false
제14대,7TU84910,한화갑,013428,141323,false
제14대,HZI5846H,김종하,013427,141322,true
제14대,HHM3642X,김진영,013427,141322,false
제14대,W8L79935,이강두,013427,141322,false
제14대,CKS9642T,이경재,013427,141322,false
제14대,RDA1956L,이장희,013427,141322,false
제14대,PY75021S,조부영,013426,141321,true
제14대,HIS36307,박세직,013422,141318,true
제14대,VYI2708Q,신기하,013390,141296,true
제14대,EBP9450V,강철선,013390,141296,false
제14대,T1Z9579M,권노갑,013390,141296,false
제14대,KDB6892X,김덕규,013390,141296,false
제14대,IYD4143Y,문희상,013390,141296,false
제14대,DY09919T,이원형,013389,141295,true
제14대,MHE1145A,박상천,013389,141295,false
제14대,MHE1145A,박상천,013389,141295,false
제14대,RX273873,임복진,013389,141295,false
제14대,RX273873,임복진,013389,141295,false
제14대,6DG91769,원혜영,013387,141283,true
제14대,F5N24241,장재식,013388,141282,true
제14대,YEB5724H,김원길,013388,141282,false
제14대,WSO9079L,박태영,013388,141282,false
제14대,CKS9642T,이경재,013388,141282,false
제14대,GMK1374L,이석현,013388,141282,false
제14대,GMK1374L,이석현,013388,141282,false
제14대,I0R88909,최두환,013388,141282,false
제14대,JRH2218E,장기욱,013386,141281,true
제14대,KY92872I,강수림,013386,141281,false
제14대,OKR39415,김원웅,013386,141281,false
제14대,CAH1307G,김종완,013386,141281,false
제14대,OS91397X,신진욱,013386,141281,false
제14대,RDA1956L,이장희,013386,141281,false
제14대,MVN8677Z,정기호,013386,141281,false
제14대,XAT10663,홍기훈,013386,141281,false
제14대,JRH2218E,장기욱,013385,141280,true
제14대,KY92872I,강수림,013385,141280,false
제14대,OKR39415,김원웅,013385,141280,false
제14대,CAH1307G,김종완,013385,141280,false
제14대,OS91397X,신진욱,013385,141280,false
제14대,RDA1956L,이장희,013385,141280,false
제14대,MVN8677Z,정기호,013385,141280,false
제14대,XAT10663,홍기훈,013385,141280,false
제14대,AKX56559,조일현,013384,141279,true
제14대,I6J48467,윤영탁,013383,141278,true
제14대,2PO2218L,정균환,013382,141277,true
제14대,1GW6444A,이우정,013381,141276,true
제14대,RIE23920,강부자,013381,141276,false
제14대,P5B5484Y,강선영,013381,141276,false
제14대,OKR39415,김원웅,013381,141276,false
제14대,IYD4143Y,문희상,013381,141276,false
제14대,LGU7954E,정옥순,013381,141276,false
제14대,RF233621,주양자,013381,141276,false
제14대,6HH9411V,현경자,013381,141276,false
제14대,96J8998B,박종웅,013380,141275,true
제14대,VYI2708Q,신기하,013379,141274,true
제14대,EBP9450V,강철선,013379,141274,false
제14대,T1Z9579M,권노갑,013379,141274,false
제14대,KDB6892X,김덕규,013379,141274,false
제14대,IYD4143Y,문희상,013379,141274,false
제14대,BLO60262,정영훈,013375,141273,true
제14대,Z7S33250,김효영,013375,141273,false
제14대,I6J48467,윤영탁,013375,141273,false
제14대,T5X6086S,이상재,013375,141273,false
제14대,CAH1307G,김종완,013366,141266,true
제14대,OS91397X,신진욱,013366,141266,false
제14대,RDA1956L,이장희,013366,141266,false
제14대,AZD9831F,제정구,013363,141265,true
제14대,L7S1608E,박일,013363,141265,false
제14대,UMW2528R,이동근,013363,141265,false
제14대,XAT10663,홍기훈,013363,141265,false
제14대,AZD9831F,제정구,013370,141264,true
제14대,L7S1608E,박일,013370,141264,false
제14대,UMW2528R,이동근,013370,141264,false
제14대,XAT10663,홍기훈,013370,141264,false
제14대,AZD9831F,제정구,013368,141263,true
제14대,L7S1608E,박일,013368,141263,false
제14대,UMW2528R,이동근,013368,141263,false
제14대,XAT10663,홍기훈,013368,141263,false
제14대,AZD9831F,제정구,013371,141262,true
제14대,L7S1608E,박일,013371,141262,false
제14대,UMW2528R,이동근,013371,141262,false
제14대,XAT10663,홍기훈,013371,141262,false
제14대,AZD9831F,제정구,013367,141261,true
제14대,L7S1608E,박일,013367,141261,false
제14대,UMW2528R,이동근,013367,141261,false
제14대,XAT10663,홍기훈,013367,141261,false
제14대,AZD9831F,제정구,013365,141260,true
제14대,L7S1608E,박일,013365,141260,false
제14대,UMW2528R,이동근,013365,141260,false
제14대,XAT10663,홍기훈,013365,141260,false
제14대,HIS36307,박세직,013364,141259,true
제14대,M6Z6242O,이연석,013369,141258,true
제14대,JJ64316E,김상현,013369,141258,false
제14대,OKR39415,김원웅,013369,141258,false
제14대,JQ81454B,문창모,013369,141258,false
제14대,NKK6370Y,양문희,013369,141258,false
제14대,KY92872I,강수림,013362,141257,true
제14대,MFE1178B,강창성,013362,141257,false
제14대,NKK6370Y,양문희,013362,141257,false
제14대,KXY6183K,정재철,013299,141194,true
제14대,Y786057K,박명환,013289,141184,true
제14대,UWR1927I,김태식,013268,141163,true
제14대,EBP9450V,강철선,013268,141163,false
제14대,REX1877I,오탄,013268,141163,false
제14대,BJG5829N,이협,013268,141163,false
제14대,GXC8936S,이희천,013268,141163,false
제14대,G7D4763A,장영달,013268,141163,false
제14대,2PO2218L,정균환,013268,141163,false
제14대,P1T31301,채영석,013268,141163,false
제14대,7GJ2564V,최락도,013268,141163,false
제14대,LIE6050F,최재승,013268,141163,false
제14대,MHE1145A,박상천,013266,141162,true
제14대,MHE1145A,박상천,013266,141162,true
제14대,EBP9450V,강철선,013266,141162,false
제14대,TF57207F,박광태,013266,141162,false
제14대,VYI2708Q,신기하,013266,141162,false
제14대,REX1877I,오탄,013266,141162,false
제14대,ZB14984Z,이길재,013266,141162,false
제14대,DY09919T,이원형,013266,141162,false
제14대,RX273873,임복진,013266,141162,false
제14대,RX273873,임복진,013266,141162,false
제14대,31E2086R,장석화,013266,141162,false
제14대,QJ74422A,정상용,013266,141162,false
제14대,RE32613N,조순형,013266,141162,false
제14대,R3D8899N,조홍규,013266,141162,false
제14대,R3D8899N,조홍규,013267,141161,true
제14대,EBP9450V,강철선,013267,141161,false
제14대,TF57207F,박광태,013267,141161,false
제14대,MHE1145A,박상천,013267,141161,false
제14대,MHE1145A,박상천,013267,141161,false
제14대,VYI2708Q,신기하,013267,141161,false
제14대,REX1877I,오탄,013267,141161,false
제14대,ZB14984Z,이길재,013267,141161,false
제14대,DY09919T,이원형,013267,141161,false
제14대,RX273873,임복진,013267,141161,false
제14대,RX273873,임복진,013267,141161,false
제14대,31E2086R,장석화,013267,141161,false
제14대,QJ74422A,정상용,013267,141161,false
제14대,RE32613N,조순형,013267,141161,false
제14대,RE32613N,조순형,013265,141160,true
제14대,EBP9450V,강철선,013265,141160,false
제14대,TF57207F,박광태,013265,141160,false
제14대,MHE1145A,박상천,013265,141160,false
제14대,MHE1145A,박상천,013265,141160,false
제14대,VYI2708Q,신기하,013265,141160,false
제14대,REX1877I,오탄,013265,141160,false
제14대,ZB14984Z,이길재,013265,141160,false
제14대,DY09919T,이원형,013265,141160,false
제14대,RX273873,임복진,013265,141160,false
제14대,RX273873,임복진,013265,141160,false
제14대,31E2086R,장석화,013265,141160,false
제14대,QJ74422A,정상용,013265,141160,false
제14대,R3D8899N,조홍규,013265,141160,false
제14대,RF233621,주양자,013264,141159,true
제14대,DPP5766B,김찬우,013264,141159,false
제14대,ACK5474A,박주천,013264,141159,false
제14대,RF233621,주양자,013263,141158,true
제14대,DPP5766B,김찬우,013263,141158,false
제14대,ACK5474A,박주천,013263,141158,false
제14대,JJ64316E,김상현,013233,141128,true
제14대,35I30124,강삼재,013233,141128,false
제14대,EBP9450V,강철선,013233,141128,false
제14대,NSK21294,국종남,013233,141128,false
제14대,X0K2352F,김광수,013233,141128,false
제14대,C037592G,김동길,013233,141128,false
제14대,2XV6939Q,김말룡,013233,141128,false
제14대,BTT7110U,김옥천,013233,141128,false
제14대,OKR39415,김원웅,013233,141128,false
제14대,3226963Z,김장곤,013233,141128,false
제14대,1O451032,박실,013233,141128,false
제14대,VYI2708Q,신기하,013233,141128,false
제14대,6VW96635,신순범,013233,141128,false
제14대,NKK6370Y,양문희,013233,141128,false
제14대,REX1877I,오탄,013233,141128,false
제14대,SDX64659,이종찬,013233,141128,false
제14대,JRH2218E,장기욱,013233,141128,false
제14대,ZHZ1115L,정주일,013233,141128,false
제14대,HAP8679J,조순환,013233,141128,false
제14대,RF233621,주양자,013233,141128,false
제14대,1LA80851,박석무,013228,141123,true
제14대,XLT4768V,김병오,013228,141123,false
제14대,OKR39415,김원웅,013228,141123,false
제14대,HIT2733V,이영권,013228,141123,false
제14대,BJG5829N,이협,013228,141123,false
제14대,XAT10663,홍기훈,013228,141123,false
제14대,B3A7296S,김중위,013214,141106,true
제14대,X9Z79695,김호일,013214,141106,false
제14대,GOU72130,이명박,013214,141106,false
제14대,UWS28633,임채정,013214,141106,false
제14대,BW19186J,홍사덕,013214,141106,false
제14대,ZS11174V,김범명,013181,141078,true
제14대,O3I2054Z,권해옥,013181,141078,false
제14대,L842626I,김영광,013181,141078,false
제14대,XF32334M,나오연,013181,141078,false
제14대,T457000V,박명근,013181,141078,false
제14대,O7U5568F,박희부,013181,141078,false
제14대,W753054A,송천영,013181,141078,false
제14대,J6J6288S,이영문,013181,141078,false
제14대,G3O9044L,이영창,013181,141078,false
제14대,6QR2160X,정순덕,013181,141078,false
제14대,ACT1860R,조세형,013178,141073,true
제14대,XLT4768V,김병오,013178,141073,false
제14대,1O451032,박실,013178,141073,false
제14대,2PO2218L,정균환,013178,141073,false
제14대,IAB1039R,황윤기,013176,141071,true
제14대,O3I2054Z,권해옥,013176,141071,false
제14대,6LQ1789H,김기배,013176,141071,false
제14대,6LQ1789H,김기배,013176,141071,false
제14대,DXQ97415,김길홍,013176,141071,false
제14대,SE03014B,김상구,013176,141071,false
제14대,L842626I,김영광,013176,141071,false
제14대,4MX3134T,김형오,013176,141071,false
제14대,DSP4257Y,남평우,013176,141071,false
제14대,ORH5971D,박준병,013176,141071,false
제14대,O7U5568F,박희부,013176,141071,false
제14대,QYN67998,반형식,013176,141071,false
제14대,VLP8819K,변정일,013176,141071,false
제14대,W753054A,송천영,013176,141071,false
제14대,TNK9949W,이성호,013176,141071,false
제14대,G3O9044L,이영창,013176,141071,false
제14대,6QR2160X,정순덕,013176,141071,false
제14대,NSW3570Z,정시채,013176,141071,false
제14대,SQT3346Q,차수명,013176,141071,false
제14대,WRP6148P,최운지,013176,141071,false
제14대,X0K2352F,김광수,013171,141067,true
제14대,EBP9450V,강철선,013171,141067,false
제14대,NSK21294,국종남,013171,141067,false
제14대,C037592G,김동길,013171,141067,false
제14대,2XV6939Q,김말룡,013171,141067,false
제14대,JJ64316E,김상현,013171,141067,false
제14대,BTT7110U,김옥천,013171,141067,false
제14대,OKR39415,김원웅,013171,141067,false
제14대,3226963Z,김장곤,013171,141067,false
제14대,1O451032,박실,013171,141067,false
제14대,1SD76539,박찬종,013171,141067,false
제14대,VYI2708Q,신기하,013171,141067,false
제14대,6VW96635,신순범,013171,141067,false
제14대,NKK6370Y,양문희,013171,141067,false
제14대,REX1877I,오탄,013171,141067,false
제14대,SDX64659,이종찬,013171,141067,false
제14대,JRH2218E,장기욱,013171,141067,false
제14대,HAP8679J,조순환,013171,141067,false
제14대,X0K2352F,김광수,013172,141066,true
제14대,EBP9450V,강철선,013172,141066,false
제14대,NSK21294,국종남,013172,141066,false
제14대,C037592G,김동길,013172,141066,false
제14대,2XV6939Q,김말룡,013172,141066,false
제14대,JJ64316E,김상현,013172,141066,false
제14대,BTT7110U,김옥천,013172,141066,false
제14대,OKR39415,김원웅,013172,141066,false
제14대,3226963Z,김장곤,013172,141066,false
제14대,1O451032,박실,013172,141066,false
제14대,1SD76539,박찬종,013172,141066,false
제14대,VYI2708Q,신기하,013172,141066,false
제14대,6VW96635,신순범,013172,141066,false
제14대,NKK6370Y,양문희,013172,141066,false
제14대,REX1877I,오탄,013172,141066,false
제14대,SDX64659,이종찬,013172,141066,false
제14대,JRH2218E,장기욱,013172,141066,false
제14대,HAP8679J,조순환,013172,141066,false
제14대,X0K2352F,김광수,013170,141065,true
제14대,EBP9450V,강철선,013170,141065,false
제14대,NSK21294,국종남,013170,141065,false
제14대,C037592G,김동길,013170,141065,false
제14대,2XV6939Q,김말룡,013170,141065,false
제14대,JJ64316E,김상현,013170,141065,false
제14대,BTT7110U,김옥천,013170,141065,false
제14대,OKR39415,김원웅,013170,141065,false
제14대,3226963Z,김장곤,013170,141065,false
제14대,1O451032,박실,013170,141065,false
제14대,1SD76539,박찬종,013170,141065,false
제14대,VYI2708Q,신기하,013170,141065,false
제14대,6VW96635,신순범,013170,141065,false
제14대,NKK6370Y,양문희,013170,141065,false
제14대,REX1877I,오탄,013170,141065,false
제14대,SDX64659,이종찬,013170,141065,false
제14대,JRH2218E,장기욱,013170,141065,false
제14대,ZHZ1115L,정주일,013170,141065,false
제14대,HAP8679J,조순환,013170,141065,false
제14대,RF233621,주양자,013170,141065,false
제14대,RF233621,주양자,013169,141064,true
제14대,EBP9450V,강철선,013169,141064,false
제14대,NSK21294,국종남,013169,141064,false
제14대,X0K2352F,김광수,013169,141064,false
제14대,C037592G,김동길,013169,141064,false
제14대,2XV6939Q,김말룡,013169,141064,false
제14대,JJ64316E,김상현,013169,141064,false
제14대,BTT7110U,김옥천,013169,141064,false
제14대,OKR39415,김원웅,013169,141064,false
제14대,3226963Z,김장곤,013169,141064,false
제14대,1O451032,박실,013169,141064,false
제14대,1SD76539,박찬종,013169,141064,false
제14대,VYI2708Q,신기하,013169,141064,false
제14대,6VW96635,신순범,013169,141064,false
제14대,NKK6370Y,양문희,013169,141064,false
제14대,REX1877I,오탄,013169,141064,false
제14대,SDX64659,이종찬,013169,141064,false
제14대,JRH2218E,장기욱,013169,141064,false
제14대,ZHZ1115L,정주일,013169,141064,false
제14대,HAP8679J,조순환,013169,141064,false
제14대,IAB1039R,황윤기,013156,141051,true
제14대,W753054A,송천영,013156,141051,false
제14대,R3D8899N,조홍규,013155,141049,true
제14대,XLT4768V,김병오,013155,141049,false
제14대,YEB5724H,김원길,013155,141049,false
제14대,OKR39415,김원웅,013155,141049,false
제14대,JRH2218E,장기욱,013155,141049,false
제14대,31E2086R,장석화,013155,141049,false
제14대,MVN8677Z,정기호,013155,141049,false
제14대,RE32613N,조순형,013155,141049,false
제14대,OKR39415,김원웅,013148,141048,true
제14대,XLT4768V,김병오,013147,141047,false
제14대,W0L3395K,김옥두,013147,141047,false
제14대,SRH7774W,김인곤,013147,141047,false
제14대,3226963Z,김장곤,013147,141047,false
제14대,CAH1307G,김종완,013147,141047,false
제14대,ERX2058H,김충조,013147,141047,false
제14대,UWR1927I,김태식,013147,141047,false
제14대,1O451032,박실,013147,141047,false
제14대,OS91397X,신진욱,013147,141047,false
제14대,YE691699,이규택,013147,141047,false
제14대,ZB14984Z,이길재,013147,141047,false
제14대,RDA1956L,이장희,013147,141047,false
제14대,GXC8936S,이희천,013147,141047,false
제14대,G7D4763A,장영달,013147,141047,false
제14대,2PO2218L,정균환,013147,141047,false
제14대,MPQ32684,최욱철,013147,141047,false
제14대,AZD9831F,제정구,013153,141046,true
제14대,IOI30449,김봉호,013153,141046,false
제14대,BTT7110U,김옥천,013153,141046,false
제14대,REX1877I,오탄,013153,141046,false
제14대,DY09919T,이원형,013153,141046,false
제14대,LIE6050F,최재승,013153,141046,false
제14대,VJ92042J,하근수,013153,141046,false
제14대,AZD9831F,제정구,013150,141045,true
제14대,IOI30449,김봉호,013150,141045,false
제14대,BTT7110U,김옥천,013150,141045,false
제14대,REX1877I,오탄,013150,141045,false
제14대,DY09919T,이원형,013150,141045,false
제14대,LIE6050F,최재승,013150,141045,false
제14대,VJ92042J,하근수,013150,141045,false
제14대,JRH2218E,장기욱,013152,141044,true
제14대,EBP9450V,강철선,013152,141044,false
제14대,T1Z9579M,권노갑,013152,141044,false
제14대,KDB6892X,김덕규,013152,141044,false
제14대,XLT4768V,김병오,013152,141044,false
제14대,OKR39415,김원웅,013152,141044,false
제14대,IYD4143Y,문희상,013152,141044,false
제14대,31E2086R,장석화,013152,141044,false
제14대,MVN8677Z,정기호,013152,141044,false
제14대,RE32613N,조순형,013152,141044,false
제14대,R3D8899N,조홍규,013152,141044,false
제14대,HIS36307,박세직,013149,141043,true
제14대,YEB5724H,김원길,013140,141035,true
제14대,XLT4768V,김병오,013140,141035,false
제14대,A5H1527Z,박은태,013140,141035,false
제14대,L7S1608E,박일,013140,141035,false
제14대,KFV94013,박정훈,013140,141035,false
제14대,WSO9079L,박태영,013140,141035,false
제14대,CKS9642T,이경재,013140,141035,false
제14대,UMW2528R,이동근,013140,141035,false
제14대,9X386624,이철,013140,141035,false
제14대,9X386624,이철,013140,141035,false
제14대,F5N24241,장재식,013140,141035,false
제14대,I0R88909,최두환,013140,141035,false
제14대,9U97658K,홍영기,013140,141035,false
제14대,YEB5724H,김원길,013090,140989,true
제14대,XLT4768V,김병오,013090,140989,false
제14대,A5H1527Z,박은태,013090,140989,false
제14대,L7S1608E,박일,013090,140989,false
제14대,KFV94013,박정훈,013090,140989,false
제14대,WSO9079L,박태영,013090,140989,false
제14대,CKS9642T,이경재,013090,140989,false
제14대,UMW2528R,이동근,013090,140989,false
제14대,9X386624,이철,013090,140989,false
제14대,9X386624,이철,013090,140989,false
제14대,F5N24241,장재식,013090,140989,false
제14대,I0R88909,최두환,013090,140989,false
제14대,9U97658K,홍영기,013090,140989,false
제14대,AZD9831F,제정구,013092,140988,true
제14대,KY92872I,강수림,013092,140988,false
제14대,EBP9450V,강철선,013092,140988,false
제14대,KDB6892X,김덕규,013092,140988,false
제14대,XLT4768V,김병오,013092,140988,false
제14대,IOI30449,김봉호,013092,140988,false
제14대,BTT7110U,김옥천,013092,140988,false
제14대,MHE1145A,박상천,013092,140988,false
제14대,MHE1145A,박상천,013092,140988,false
제14대,1O451032,박실,013092,140988,false
제14대,VYI2708Q,신기하,013092,140988,false
제14대,REX1877I,오탄,013092,140988,false
제14대,DY09919T,이원형,013092,140988,false
제14대,31E2086R,장석화,013092,140988,false
제14대,MVN8677Z,정기호,013092,140988,false
제14대,ACT1860R,조세형,013092,140988,false
제14대,RE32613N,조순형,013092,140988,false
제14대,R3D8899N,조홍규,013092,140988,false
제14대,LIE6050F,최재승,013092,140988,false
제14대,VJ92042J,하근수,013092,140988,false
제14대,9U97658K,홍영기,013092,140988,false
제14대,AZD9831F,제정구,013093,140987,true
제14대,KY92872I,강수림,013093,140987,false
제14대,EBP9450V,강철선,013093,140987,false
제14대,KDB6892X,김덕규,013093,140987,false
제14대,XLT4768V,김병오,013093,140987,false
제14대,IOI30449,김봉호,013093,140987,false
제14대,BTT7110U,김옥천,013093,140987,false
제14대,MHE1145A,박상천,013093,140987,false
제14대,MHE1145A,박상천,013093,140987,false
제14대,1O451032,박실,013093,140987,false
제14대,VYI2708Q,신기하,013093,140987,false
제14대,REX1877I,오탄,013093,140987,false
제14대,DY09919T,이원형,013093,140987,false
제14대,31E2086R,장석화,013093,140987,false
제14대,MVN8677Z,정기호,013093,140987,false
제14대,ACT1860R,조세형,013093,140987,false
제14대,RE32613N,조순형,013093,140987,false
제14대,R3D8899N,조홍규,013093,140987,false
제14대,LIE6050F,최재승,013093,140987,false
제14대,VJ92042J,하근수,013093,140987,false
제14대,9U97658K,홍영기,013093,140987,false
제14대,AZD9831F,제정구,013094,140986,true
제14대,KY92872I,강수림,013094,140986,false
제14대,EBP9450V,강철선,013094,140986,false
제14대,KDB6892X,김덕규,013094,140986,false
제14대,XLT4768V,김병오,013094,140986,false
제14대,IOI30449,김봉호,013094,140986,false
제14대,BTT7110U,김옥천,013094,140986,false
제14대,MHE1145A,박상천,013094,140986,false
제14대,MHE1145A,박상천,013094,140986,false
제14대,1O451032,박실,013094,140986,false
제14대,VYI2708Q,신기하,013094,140986,false
제14대,REX1877I,오탄,013094,140986,false
제14대,DY09919T,이원형,013094,140986,false
제14대,31E2086R,장석화,013094,140986,false
제14대,MVN8677Z,정기호,013094,140986,false
제14대,ACT1860R,조세형,013094,140986,false
제14대,RE32613N,조순형,013094,140986,false
제14대,R3D8899N,조홍규,013094,140986,false
제14대,LIE6050F,최재승,013094,140986,false
제14대,VJ92042J,하근수,013094,140986,false
제14대,9U97658K,홍영기,013094,140986,false
제14대,AZD9831F,제정구,013089,140985,true
제14대,KY92872I,강수림,013089,140985,false
제14대,EBP9450V,강철선,013089,140985,false
제14대,KDB6892X,김덕규,013089,140985,false
제14대,XLT4768V,김병오,013089,140985,false
제14대,IOI30449,김봉호,013089,140985,false
제14대,BTT7110U,김옥천,013089,140985,false
제14대,MHE1145A,박상천,013089,140985,false
제14대,MHE1145A,박상천,013089,140985,false
제14대,1O451032,박실,013089,140985,false
제14대,VYI2708Q,신기하,013089,140985,false
제14대,REX1877I,오탄,013089,140985,false
제14대,DY09919T,이원형,013089,140985,false
제14대,31E2086R,장석화,013089,140985,false
제14대,MVN8677Z,정기호,013089,140985,false
제14대,ACT1860R,조세형,013089,140985,false
제14대,RE32613N,조순형,013089,140985,false
제14대,R3D8899N,조홍규,013089,140985,false
제14대,LIE6050F,최재승,013089,140985,false
제14대,VJ92042J,하근수,013089,140985,false
제14대,9U97658K,홍영기,013089,140985,false
제14대,AZD9831F,제정구,013091,140984,true
제14대,KY92872I,강수림,013091,140984,false
제14대,EBP9450V,강철선,013091,140984,false
제14대,KDB6892X,김덕규,013091,140984,false
제14대,XLT4768V,김병오,013091,140984,false
제14대,IOI30449,김봉호,013091,140984,false
제14대,BTT7110U,김옥천,013091,140984,false
제14대,MHE1145A,박상천,013091,140984,false
제14대,MHE1145A,박상천,013091,140984,false
제14대,1O451032,박실,013091,140984,false
제14대,VYI2708Q,신기하,013091,140984,false
제14대,REX1877I,오탄,013091,140984,false
제14대,DY09919T,이원형,013091,140984,false
제14대,31E2086R,장석화,013091,140984,false
제14대,MVN8677Z,정기호,013091,140984,false
제14대,ACT1860R,조세형,013091,140984,false
제14대,RE32613N,조순형,013091,140984,false
제14대,R3D8899N,조홍규,013091,140984,false
제14대,LIE6050F,최재승,013091,140984,false
제14대,VJ92042J,하근수,013091,140984,false
제14대,9U97658K,홍영기,013091,140984,false
제14대,IAB1039R,황윤기,013087,140983,true
제14대,T0C2301Q,김영일,013087,140983,false
제14대,96J8998B,박종웅,013087,140983,false
제14대,S4B6672D,신경식,013087,140983,false
제14대,T5X6086S,이상재,013087,140983,false
제14대,PY75021S,조부영,013087,140983,false
제14대,95S94954,최재욱,013087,140983,false
제14대,9U97658K,홍영기,013085,140981,true
제14대,XLT4768V,김병오,013085,140981,false
제14대,3226963Z,김장곤,013085,140981,false
제14대,UWR1927I,김태식,013085,140981,false
제14대,VZ17900R,남궁진,013085,140981,false
제14대,MHE1145A,박상천,013085,140981,false
제14대,MHE1145A,박상천,013085,140981,false
제14대,YE691699,이규택,013085,140981,false
제14대,ZB14984Z,이길재,013085,140981,false
제14대,1GW6444A,이우정,013085,140981,false
제14대,GXC8936S,이희천,013085,140981,false
제14대,UWS28633,임채정,013085,140981,false
제14대,MPQ32684,최욱철,013085,140981,false
제14대,9X386624,이철,013086,140980,true
제14대,9X386624,이철,013086,140980,true
제14대,XLT4768V,김병오,013086,140980,false
제14대,YEB5724H,김원길,013086,140980,false
제14대,A5H1527Z,박은태,013086,140980,false
제14대,L7S1608E,박일,013086,140980,false
제14대,KFV94013,박정훈,013086,140980,false
제14대,WSO9079L,박태영,013086,140980,false
제14대,CKS9642T,이경재,013086,140980,false
제14대,UMW2528R,이동근,013086,140980,false
제14대,F5N24241,장재식,013086,140980,false
제14대,I0R88909,최두환,013086,140980,false
제14대,7TU84910,한화갑,013086,140980,false
제14대,9U97658K,홍영기,013086,140980,false
제14대,2LX5217V,박계동,013081,140976,true
제14대,NSK21294,국종남,013081,140976,false
제14대,XLT4768V,김병오,013081,140976,false
제14대,8BF5855P,박지원,013081,140976,false
제14대,QJ74422A,정상용,013081,140976,false
제14대,ACT1860R,조세형,013081,140976,false
제14대,P1T31301,채영석,013081,140976,false
제14대,KDB6892X,김덕규,013068,140973,true
제14대,EBP9450V,강철선,013068,140973,false
제14대,T1Z9579M,권노갑,013068,140973,false
제14대,IYD4143Y,문희상,013068,140973,false
제14대,MHE1145A,박상천,013068,140973,false
제14대,MHE1145A,박상천,013068,140973,false
제14대,ACT1860R,조세형,013069,140972,true
제14대,XLT4768V,김병오,013069,140972,false
제14대,W0L3395K,김옥두,013069,140972,false
제14대,CAH1307G,김종완,013069,140972,false
제14대,ERX2058H,김충조,013069,140972,false
제14대,MHE1145A,박상천,013069,140972,false
제14대,MHE1145A,박상천,013069,140972,false
제14대,1O451032,박실,013069,140972,false
제14대,OS91397X,신진욱,013069,140972,false
제14대,RDA1956L,이장희,013069,140972,false
제14대,BJG5829N,이협,013069,140972,false
제14대,G7D4763A,장영달,013069,140972,false
제14대,2PO2218L,정균환,013069,140972,false
제14대,T5X6086S,이상재,013077,140971,true
제14대,Z7S33250,김효영,013077,140971,false
제14대,FND7010Q,손학규,013077,140971,false
제14대,FND7010Q,손학규,013077,140971,false
제14대,8U25041C,송영진,013077,140971,false
제14대,W753054A,송천영,013077,140971,false
제14대,Q7D3831A,안찬희,013077,140971,false
제14대,RFX7323F,유성환,013077,140971,false
제14대,I6J48467,윤영탁,013077,140971,false
제14대,HOO4824R,이긍규,013077,140971,false
제14대,RLG4231U,이상득,013077,140971,false
제14대,TNK9949W,이성호,013077,140971,false
제14대,WMD2190C,이해구,013077,140971,false
제14대,WI12765F,정상천,013077,140971,false
제14대,1G96387U,조진형,013077,140971,false
제14대,BIY4474S,하순봉,013077,140971,false
제14대,MIM8629D,양정규,013076,140970,true
제14대,PAQ11014,강창희,013076,140970,false
제14대,VLP8819K,변정일,013076,140970,false
제14대,MVN8677Z,정기호,013076,140970,false
제14대,1G96387U,조진형,013076,140970,false
제14대,MOX89811,한영수,013076,140970,false
제14대,WZK3380B,현경대,013076,140970,false
제14대,6YB3013O,박우병,013075,140969,true
제14대,MGI63636,금진호,013075,140969,false
제14대,HZI5846H,김종하,013075,140969,false
제14대,2ZZ9356T,김채겸,013075,140969,false
제14대,RYK4883M,노인환,013075,140969,false
제14대,JMC44351,류승규,013075,140969,false
제14대,TPJ7150B,박제상,013075,140969,false
제14대,YZD5879G,성무용,013075,140969,false
제14대,RLG4231U,이상득,013075,140969,false
제14대,19211414,이웅희,013075,140969,false
제14대,I8X2083H,이재환,013075,140969,false
제14대,VU95307T,이택석,013075,140969,false
제14대,3LG47911,허삼수,013075,140969,false
제14대,IYE1069O,허화평,013075,140969,false
제14대,2XV6939Q,김말룡,013067,140968,true
제14대,KY92872I,강수림,013073,140967,true
제14대,VW61947B,강희찬,013073,140967,false
제14대,MHE1145A,박상천,013073,140967,false
제14대,NKK6370Y,양문희,013073,140967,false
제14대,0EI5067Y,한광옥,013073,140967,false
제14대,KDB6892X,김덕규,013070,140966,true
제14대,EBP9450V,강철선,013070,140966,false
제14대,T1Z9579M,권노갑,013070,140966,false
제14대,IYD4143Y,문희상,013070,140966,false
제14대,KDB6892X,김덕규,013063,140965,true
제14대,EBP9450V,강철선,013063,140965,false
제14대,T1Z9579M,권노갑,013063,140965,false
제14대,IYD4143Y,문희상,013063,140965,false
제14대,MHE1145A,박상천,013063,140965,false
제14대,MHE1145A,박상천,013063,140965,false
제14대,MHE1145A,박상천,013074,140964,true
제14대,MHE1145A,박상천,013074,140964,true
제14대,W0L3395K,김옥두,013074,140964,false
제14대,ERX2058H,김충조,013074,140964,false
제14대,NKK6370Y,양문희,013074,140964,false
제14대,RDA1956L,이장희,013074,140964,false
제14대,BJG5829N,이협,013074,140964,false
제14대,2PO2218L,정균환,013074,140964,false
제14대,0EI5067Y,한광옥,013074,140964,false
제14대,MHE1145A,박상천,013066,140963,true
제14대,MHE1145A,박상천,013066,140963,true
제14대,XLT4768V,김병오,013066,140963,false
제14대,W0L3395K,김옥두,013066,140963,false
제14대,CAH1307G,김종완,013066,140963,false
제14대,ERX2058H,김충조,013066,140963,false
제14대,1O451032,박실,013066,140963,false
제14대,OS91397X,신진욱,013066,140963,false
제14대,RDA1956L,이장희,013066,140963,false
제14대,BJG5829N,이협,013066,140963,false
제14대,G7D4763A,장영달,013066,140963,false
제14대,2PO2218L,정균환,013066,140963,false
제14대,2PO2218L,정균환,013065,140962,true
제14대,XLT4768V,김병오,013065,140962,false
제14대,W0L3395K,김옥두,013065,140962,false
제14대,CAH1307G,김종완,013065,140962,false
제14대,ERX2058H,김충조,013065,140962,false
제14대,1O451032,박실,013065,140962,false
제14대,OS91397X,신진욱,013065,140962,false
제14대,RDA1956L,이장희,013065,140962,false
제14대,BJG5829N,이협,013065,140962,false
제14대,G7D4763A,장영달,013065,140962,false
제14대,2PO2218L,정균환,013072,140961,true
제14대,XLT4768V,김병오,013072,140961,false
제14대,W0L3395K,김옥두,013072,140961,false
제14대,CAH1307G,김종완,013072,140961,false
제14대,ERX2058H,김충조,013072,140961,false
제14대,1O451032,박실,013072,140961,false
제14대,OS91397X,신진욱,013072,140961,false
제14대,RDA1956L,이장희,013072,140961,false
제14대,BJG5829N,이협,013072,140961,false
제14대,G7D4763A,장영달,013072,140961,false
제14대,ACT1860R,조세형,013072,140961,false
제14대,1O451032,박실,013071,140960,true
제14대,XLT4768V,김병오,013071,140960,false
제14대,W0L3395K,김옥두,013071,140960,false
제14대,CAH1307G,김종완,013071,140960,false
제14대,ERX2058H,김충조,013071,140960,false
제14대,OS91397X,신진욱,013071,140960,false
제14대,RDA1956L,이장희,013071,140960,false
제14대,BJG5829N,이협,013071,140960,false
제14대,G7D4763A,장영달,013071,140960,false
제14대,2PO2218L,정균환,013071,140960,false
제14대,2PO2218L,정균환,013064,140959,true
제14대,XLT4768V,김병오,013064,140959,false
제14대,W0L3395K,김옥두,013064,140959,false
제14대,CAH1307G,김종완,013064,140959,false
제14대,ERX2058H,김충조,013064,140959,false
제14대,1O451032,박실,013064,140959,false
제14대,OS91397X,신진욱,013064,140959,false
제14대,RDA1956L,이장희,013064,140959,false
제14대,BJG5829N,이협,013064,140959,false
제14대,G7D4763A,장영달,013064,140959,false
제14대,ACT1860R,조세형,013064,140959,false
제14대,R3D8899N,조홍규,013061,140958,true
제14대,XLT4768V,김병오,013061,140958,false
제14대,JRH2218E,장기욱,013061,140958,false
제14대,31E2086R,장석화,013061,140958,false
제14대,MVN8677Z,정기호,013061,140958,false
제14대,RE32613N,조순형,013061,140958,false
제14대,R3D8899N,조홍규,013062,140957,true
제14대,XLT4768V,김병오,013062,140957,false
제14대,JRH2218E,장기욱,013062,140957,false
제14대,31E2086R,장석화,013062,140957,false
제14대,MVN8677Z,정기호,013062,140957,false
제14대,RE32613N,조순형,013062,140957,false
제14대,R3D8899N,조홍규,013078,140956,true
제14대,XLT4768V,김병오,013078,140956,false
제14대,JRH2218E,장기욱,013078,140956,false
제14대,31E2086R,장석화,013078,140956,false
제14대,MVN8677Z,정기호,013078,140956,false
제14대,RE32613N,조순형,013078,140956,false
제14대,RF233621,주양자,013053,140950,true
제14대,LGU7954E,정옥순,013053,140950,false
제14대,7TC9730R,최상용,013053,140950,false
제14대,OQ09860C,김종호,013050,140945,true
제14대,L8X15139,강신조,013050,140945,false
제14대,EC995719,구자춘,013050,140945,false
제14대,O3I2054Z,권해옥,013050,140945,false
제14대,MGI63636,금진호,013050,140945,false
제14대,G4899242,김기도,013050,140945,false
제14대,DXQ97415,김길홍,013050,140945,false
제14대,WY71904W,김동권,013050,140945,false
제14대,FE487737,김두섭,013050,140945,false
제14대,ZS11174V,김범명,013050,140945,false
제14대,SE03014B,김상구,013050,140945,false
제14대,L842626I,김영광,013050,140945,false
제14대,T0C2301Q,김영일,013050,140945,false
제14대,PMN7940F,김윤환,013050,140945,false
제14대,DPP5766B,김찬우,013050,140945,false
제14대,2ZZ9356T,김채겸,013050,140945,false
제14대,XF32334M,나오연,013050,140945,false
제14대,5UR59361,노인도,013050,140945,false
제14대,RYK4883M,노인환,013050,140945,false
제14대,2OK69779,류돈우,013050,140945,false
제14대,K8S19484,민태구,013050,140945,false
제14대,0VC4391G,박경수,013050,140945,false
제14대,T457000V,박명근,013050,140945,false
제14대,6YB3013O,박우병,013050,140945,false
제14대,LQW1875Y,박정수,013050,140945,false
제14대,ORH5971D,박준병,013050,140945,false
제14대,70X11962,박헌기,013050,140945,false
제14대,O7U5568F,박희부,013050,140945,false
제14대,FSN5613H,박희태,013050,140945,false
제14대,QYN67998,반형식,013050,140945,false
제14대,2PC65130,배명국,013050,140945,false
제14대,LJJ52334,송광호,013050,140945,false
제14대,2XL9644Y,신상식,013050,140945,false
제14대,ALM3369J,신재기,013050,140945,false
제14대,Q7D3831A,안찬희,013050,140945,false
제14대,MIM8629D,양정규,013050,140945,false
제14대,5MH6946W,양창식,013050,140945,false
제14대,NJ55552S,오장섭,013050,140945,false
제14대,W8L79935,이강두,013050,140945,false
제14대,HOO4824R,이긍규,013050,140945,false
제14대,2CS7325Y,이민섭,013050,140945,false
제14대,T5X6086S,이상재,013050,140945,false
제14대,TNK9949W,이성호,013050,140945,false
제14대,RPW21620,이승무,013050,140945,false
제14대,J6J6288S,이영문,013050,140945,false
제14대,GBP60233,이용삼,013050,140945,false
제14대,19211414,이웅희,013050,140945,false
제14대,WMD2190C,이해구,013050,140945,false
제14대,DG038029,이환의,013050,140945,false
제14대,CGZ56614,임사빈,013050,140945,false
제14대,UWX81091,장영철,013050,140945,false
제14대,BLO60262,정영훈,013050,140945,false
제14대,KXY6183K,정재철,013050,140945,false
제14대,ICX8790L,정필근,013050,140945,false
제14대,PY75021S,조부영,013050,140945,false
제14대,NQL1515T,최돈웅,013050,140945,false
제14대,E5X4403T,황명수,013050,140945,false
제14대,IAB1039R,황윤기,013050,140945,false
제14대,GZS38403,강우혁,013039,140934,false
제14대,FSJ32138,김영구,013039,140934,false
제14대,AE923641,김용태,013039,140934,false
제14대,A1819526,김정수,013039,140934,false
제14대,B3A7296S,김중위,013039,140934,false
제14대,IQX29457,김진재,013039,140934,false
제14대,9YE7981O,김해석,013039,140934,false
제14대,4MX3134T,김형오,013039,140934,false
제14대,QCQ12252,남재두,013039,140934,false
제14대,DSP4257Y,남평우,013039,140934,false
제14대,T457000V,박명근,013039,140934,false
제14대,M5K2466O,박범진,013039,140934,false
제14대,LQW1875Y,박정수,013039,140934,false
제14대,96J8998B,박종웅,013039,140934,false
제14대,ACK5474A,박주천,013039,140934,false
제14대,UF42797P,백남치,013039,140934,false
제14대,6Z125924,송두호,013039,140934,false
제14대,RCJ2180Y,심정구,013039,140934,false
제14대,TNK9949W,이성호,013039,140934,false
제14대,Y0G24569,이승윤,013039,140934,false
제14대,NSW3570Z,정시채,013039,140934,false
제14대,E2Y5263C,정창현,013039,140934,false
제14대,NBE5106U,조영장,013039,140934,false
제14대,1G96387U,조진형,013039,140934,false
제14대,95S94954,최재욱,013039,140934,false
제14대,BIY4474S,하순봉,013039,140934,false
제14대,IAB1039R,황윤기,013039,140934,false
제14대,G3O9044L,이영창,013037,140933,true
제14대,O3I2054Z,권해옥,013037,140933,false
제14대,6LQ1789H,김기배,013037,140933,false
제14대,DXQ97415,김길홍,013037,140933,false
제14대,SE03014B,김상구,013037,140933,false
제14대,L842626I,김영광,013037,140933,false
제14대,T0C2301Q,김영일,013037,140933,false
제14대,DSP4257Y,남평우,013037,140933,false
제14대,RUB28077,류종수,013037,140933,false
제14대,TPJ7150B,박제상,013037,140933,false
제14대,ORH5971D,박준병,013037,140933,false
제14대,O7U5568F,박희부,013037,140933,false
제14대,QYN67998,반형식,013037,140933,false
제14대,UF42797P,백남치,013037,140933,false
제14대,I8X2083H,이재환,013037,140933,false
제14대,CGZ56614,임사빈,013037,140933,false
제14대,6QR2160X,정순덕,013037,140933,false
제14대,NSW3570Z,정시채,013037,140933,false
제14대,SQT3346Q,차수명,013037,140933,false
제14대,WRP6148P,최운지,013037,140933,false
제14대,PT581709,함석재,013037,140933,false
제14대,IAB1039R,황윤기,013037,140933,false
제14대,DSP4257Y,남평우,013036,140932,true
제14대,O3I2054Z,권해옥,013036,140932,false
제14대,6LQ1789H,김기배,013036,140932,false
제14대,DXQ97415,김길홍,013036,140932,false
제14대,SE03014B,김상구,013036,140932,false
제14대,L842626I,김영광,013036,140932,false
제14대,T0C2301Q,김영일,013036,140932,false
제14대,B3A7296S,김중위,013036,140932,false
제14대,RUB28077,류종수,013036,140932,false
제14대,TPJ7150B,박제상,013036,140932,false
제14대,ORH5971D,박준병,013036,140932,false
제14대,O7U5568F,박희부,013036,140932,false
제14대,QYN67998,반형식,013036,140932,false
제14대,UF42797P,백남치,013036,140932,false
제14대,G3O9044L,이영창,013036,140932,false
제14대,I8X2083H,이재환,013036,140932,false
제14대,CGZ56614,임사빈,013036,140932,false
제14대,6QR2160X,정순덕,013036,140932,false
제14대,NSW3570Z,정시채,013036,140932,false
제14대,SQT3346Q,차수명,013036,140932,false
제14대,WRP6148P,최운지,013036,140932,false
제14대,PT581709,함석재,013036,140932,false
제14대,IAB1039R,황윤기,013036,140932,false
제14대,IAB1039R,황윤기,013038,140931,true
제14대,GZS38403,강우혁,013038,140931,false
제14대,CHV1403B,강인섭,013038,140931,false
제14대,O3I2054Z,권해옥,013038,140931,false
제14대,6LQ1789H,김기배,013038,140931,false
제14대,R4T63005,김기수,013038,140931,false
제14대,DXQ97415,김길홍,013038,140931,false
제14대,SE03014B,김상구,013038,140931,false
제14대,L842626I,김영광,013038,140931,false
제14대,PMN7940F,김윤환,013038,140931,false
제14대,9YE7981O,김해석,013038,140931,false
제14대,DSP4257Y,남평우,013038,140931,false
제14대,RUB28077,류종수,013038,140931,false
제14대,FR056047,문정수,013038,140931,false
제14대,TPJ7150B,박제상,013038,140931,false
제14대,96J8998B,박종웅,013038,140931,false
제14대,ORH5971D,박준병,013038,140931,false
제14대,70X11962,박헌기,013038,140931,false
제14대,O7U5568F,박희부,013038,140931,false
제14대,QYN67998,반형식,013038,140931,false
제14대,UF42797P,백남치,013038,140931,false
제14대,5MH6946W,양창식,013038,140931,false
제14대,G3O9044L,이영창,013038,140931,false
제14대,CGZ56614,임사빈,013038,140931,false
제14대,6QR2160X,정순덕,013038,140931,false
제14대,NSW3570Z,정시채,013038,140931,false
제14대,1G96387U,조진형,013038,140931,false
제14대,PT581709,함석재,013038,140931,false
제14대,IU67432G,강재섭,013033,140930,false
제14대,IU67432G,강재섭,013033,140930,false
제14대,6LQ1789H,김기배,013033,140930,false
제14대,6LQ1789H,김기배,013033,140930,false
제14대,DXQ97415,김길홍,013033,140930,false
제14대,SE03014B,김상구,013033,140930,false
제14대,L842626I,김영광,013033,140930,false
제14대,T0C2301Q,김영일,013033,140930,false
제14대,PMN7940F,김윤환,013033,140930,false
제14대,DSP4257Y,남평우,013033,140930,false
제14대,RUB28077,류종수,013033,140930,false
제14대,Y786057K,박명환,013033,140930,false
제14대,ORH5971D,박준병,013033,140930,false
제14대,O7U5568F,박희부,013033,140930,false
제14대,FSN5613H,박희태,013033,140930,false
제14대,QYN67998,반형식,013033,140930,false
제14대,NJ55552S,오장섭,013033,140930,false
제14대,HJI9845B,이인제,013033,140930,false
제14대,1G96387U,조진형,013033,140930,false
제14대,IAB1039R,황윤기,013033,140930,false
제14대,IU67432G,강재섭,013034,140929,false
제14대,6LQ1789H,김기배,013034,140929,false
제14대,DXQ97415,김길홍,013034,140929,false
제14대,SE03014B,김상구,013034,140929,false
제14대,L842626I,김영광,013034,140929,false
제14대,T0C2301Q,김영일,013034,140929,false
제14대,PMN7940F,김윤환,013034,140929,false
제14대,DSP4257Y,남평우,013034,140929,false
제14대,RUB28077,류종수,013034,140929,false
제14대,Y786057K,박명환,013034,140929,false
제14대,ORH5971D,박준병,013034,140929,false
제14대,O7U5568F,박희부,013034,140929,false
제14대,FSN5613H,박희태,013034,140929,false
제14대,QYN67998,반형식,013034,140929,false
제14대,NJ55552S,오장섭,013034,140929,false
제14대,HJI9845B,이인제,013034,140929,false
제14대,1G96387U,조진형,013034,140929,false
제14대,IAB1039R,황윤기,013034,140929,false
제14대,3QR9592J,강용식,013032,140928,true
제14대,CHV1403B,강인섭,013035,140927,true
제14대,UF42797P,백남치,013014,140905,true
제14대,HJI9845B,이인제,013014,140905,false
제14대,PT581709,함석재,013014,140905,false
제14대,WZK3380B,현경대,013014,140905,false
제14대,UF42797P,백남치,013009,140904,true
제14대,HJI9845B,이인제,013009,140904,false
제14대,PT581709,함석재,013009,140904,false
제14대,WZK3380B,현경대,013009,140904,false
제14대,UF42797P,백남치,013011,140903,true
제14대,HJI9845B,이인제,013011,140903,false
제14대,PT581709,함석재,013011,140903,false
제14대,WZK3380B,현경대,013011,140903,false
제14대,6YB3013O,박우병,013010,140902,true
제14대,35I30124,강삼재,013010,140902,false
제14대,MGI63636,금진호,013010,140902,false
제14대,HZI5846H,김종하,013010,140902,false
제14대,2ZZ9356T,김채겸,013010,140902,false
제14대,XF32334M,나오연,013010,140902,false
제14대,RYK4883M,노인환,013010,140902,false
제14대,JMC44351,류승규,013010,140902,false
제14대,TPJ7150B,박제상,013010,140902,false
제14대,HOO4824R,이긍규,013010,140902,false
제14대,RLG4231U,이상득,013010,140902,false
제14대,19211414,이웅희,013010,140902,false
제14대,I8X2083H,이재환,013010,140902,false
제14대,VU95307T,이택석,013010,140902,false
제14대,3LG47911,허삼수,013010,140902,false
제14대,IYE1069O,허화평,013010,140902,false
제14대,IAB1039R,황윤기,013010,140902,false
제14대,IAB1039R,황윤기,012984,140880,true
제14대,O3I2054Z,권해옥,012984,140880,false
제14대,6LQ1789H,김기배,012984,140880,false
제14대,6LQ1789H,김기배,012984,140880,false
제14대,DXQ97415,김길홍,012984,140880,false
제14대,SE03014B,김상구,012984,140880,false
제14대,L842626I,김영광,012984,140880,false
제14대,KBJ1842L,김한규,012984,140880,false
제14대,DSP4257Y,남평우,012984,140880,false
제14대,RUB28077,류종수,012984,140880,false
제14대,FR056047,문정수,012984,140880,false
제14대,ORH5971D,박준병,012984,140880,false
제14대,O7U5568F,박희부,012984,140880,false
제14대,QYN67998,반형식,012984,140880,false
제14대,UF42797P,백남치,012984,140880,false
제14대,5MH6946W,양창식,012984,140880,false
제14대,G3O9044L,이영창,012984,140880,false
제14대,I8X2083H,이재환,012984,140880,false
제14대,6QR2160X,정순덕,012984,140880,false
제14대,NSW3570Z,정시채,012984,140880,false
제14대,1G96387U,조진형,012984,140880,false
제14대,SQT3346Q,차수명,012984,140880,false
제14대,WRP6148P,최운지,012984,140880,false
제14대,WZK3380B,현경대,012984,140880,false
제14대,DSP4257Y,남평우,012983,140879,true
제14대,UF42797P,백남치,012983,140879,false
제14대,IAB1039R,황윤기,012983,140879,false
제14대,XLT4768V,김병오,012978,140878,true
제14대,YEB5724H,김원길,012978,140878,false
제14대,OKR39415,김원웅,012978,140878,false
제14대,A5H1527Z,박은태,012978,140878,false
제14대,L7S1608E,박일,012978,140878,false
제14대,KFV94013,박정훈,012978,140878,false
제14대,WSO9079L,박태영,012978,140878,false
제14대,CKS9642T,이경재,012978,140878,false
제14대,UMW2528R,이동근,012978,140878,false
제14대,9X386624,이철,012978,140878,false
제14대,9X386624,이철,012978,140878,false
제14대,F5N24241,장재식,012978,140878,false
제14대,I0R88909,최두환,012978,140878,false
제14대,XLT4768V,김병오,012982,140877,true
제14대,YEB5724H,김원길,012982,140877,false
제14대,OKR39415,김원웅,012982,140877,false
제14대,A5H1527Z,박은태,012982,140877,false
제14대,L7S1608E,박일,012982,140877,false
제14대,KFV94013,박정훈,012982,140877,false
제14대,WSO9079L,박태영,012982,140877,false
제14대,CKS9642T,이경재,012982,140877,false
제14대,UMW2528R,이동근,012982,140877,false
제14대,9X386624,이철,012982,140877,false
제14대,9X386624,이철,012982,140877,false
제14대,F5N24241,장재식,012982,140877,false
제14대,I0R88909,최두환,012982,140877,false
제14대,XLT4768V,김병오,012986,140876,true
제14대,YEB5724H,김원길,012986,140876,false
제14대,OKR39415,김원웅,012986,140876,false
제14대,A5H1527Z,박은태,012986,140876,false
제14대,L7S1608E,박일,012986,140876,false
제14대,KFV94013,박정훈,012986,140876,false
제14대,WSO9079L,박태영,012986,140876,false
제14대,CKS9642T,이경재,012986,140876,false
제14대,UMW2528R,이동근,012986,140876,false
제14대,9X386624,이철,012986,140876,false
제14대,9X386624,이철,012986,140876,false
제14대,F5N24241,장재식,012986,140876,false
제14대,I0R88909,최두환,012986,140876,false
제14대,XLT4768V,김병오,012980,140875,true
제14대,YEB5724H,김원길,012980,140875,false
제14대,OKR39415,김원웅,012980,140875,false
제14대,A5H1527Z,박은태,012980,140875,false
제14대,L7S1608E,박일,012980,140875,false
제14대,KFV94013,박정훈,012980,140875,false
제14대,WSO9079L,박태영,012980,140875,false
제14대,CKS9642T,이경재,012980,140875,false
제14대,UMW2528R,이동근,012980,140875,false
제14대,9X386624,이철,012980,140875,false
제14대,9X386624,이철,012980,140875,false
제14대,F5N24241,장재식,012980,140875,false
제14대,I0R88909,최두환,012980,140875,false
제14대,XLT4768V,김병오,012981,140874,true
제14대,YEB5724H,김원길,012981,140874,false
제14대,OKR39415,김원웅,012981,140874,false
제14대,A5H1527Z,박은태,012981,140874,false
제14대,L7S1608E,박일,012981,140874,false
제14대,KFV94013,박정훈,012981,140874,false
제14대,WSO9079L,박태영,012981,140874,false
제14대,CKS9642T,이경재,012981,140874,false
제14대,UMW2528R,이동근,012981,140874,false
제14대,9X386624,이철,012981,140874,false
제14대,9X386624,이철,012981,140874,false
제14대,F5N24241,장재식,012981,140874,false
제14대,I0R88909,최두환,012981,140874,false
제14대,XLT4768V,김병오,012979,140873,true
제14대,YEB5724H,김원길,012979,140873,false
제14대,OKR39415,김원웅,012979,140873,false
제14대,A5H1527Z,박은태,012979,140873,false
제14대,L7S1608E,박일,012979,140873,false
제14대,KFV94013,박정훈,012979,140873,false
제14대,WSO9079L,박태영,012979,140873,false
제14대,CKS9642T,이경재,012979,140873,false
제14대,UMW2528R,이동근,012979,140873,false
제14대,9X386624,이철,012979,140873,false
제14대,9X386624,이철,012979,140873,false
제14대,F5N24241,장재식,012979,140873,false
제14대,I0R88909,최두환,012979,140873,false
제14대,XLT4768V,김병오,012977,140872,true
제14대,YEB5724H,김원길,012977,140872,false
제14대,OKR39415,김원웅,012977,140872,false
제14대,A5H1527Z,박은태,012977,140872,false
제14대,L7S1608E,박일,012977,140872,false
제14대,KFV94013,박정훈,012977,140872,false
제14대,WSO9079L,박태영,012977,140872,false
제14대,CKS9642T,이경재,012977,140872,false
제14대,UMW2528R,이동근,012977,140872,false
제14대,9X386624,이철,012977,140872,false
제14대,9X386624,이철,012977,140872,false
제14대,F5N24241,장재식,012977,140872,false
제14대,I0R88909,최두환,012977,140872,false
제14대,OKR39415,김원웅,012946,140841,true
제14대,3VF81352,구천서,012946,140841,false
제14대,X9Z79695,김호일,012946,140841,false
제14대,NKK6370Y,양문희,012946,140841,false
제14대,AZD9831F,제정구,012946,140841,false
제14대,OKR39415,김원웅,012945,140840,true
제14대,3VF81352,구천서,012945,140840,false
제14대,X9Z79695,김호일,012945,140840,false
제14대,NKK6370Y,양문희,012945,140840,false
제14대,AZD9831F,제정구,012945,140840,false
제14대,7Q05452E,이기택,012904,140799,true
제14대,KY92872I,강수림,012904,140799,false
제14대,EBP9450V,강철선,012904,140799,false
제14대,T1Z9579M,권노갑,012904,140799,false
제14대,KDB6892X,김덕규,012904,140799,false
제14대,XLT4768V,김병오,012904,140799,false
제14대,4RF2451S,김원기,012904,140799,false
제14대,YEB5724H,김원길,012904,140799,false
제14대,OKR39415,김원웅,012904,140799,false
제14대,IYD4143Y,문희상,012904,140799,false
제14대,MHE1145A,박상천,012904,140799,false
제14대,MHE1145A,박상천,012904,140799,false
제14대,VYI2708Q,신기하,012904,140799,false
제14대,6VW96635,신순범,012904,140799,false
제14대,QBY2805Y,이부영,012904,140799,false
제14대,JRH2218E,장기욱,012904,140799,false
제14대,31E2086R,장석화,012904,140799,false
제14대,MVN8677Z,정기호,012904,140799,false
제14대,ACT1860R,조세형,012904,140799,false
제14대,RE32613N,조순형,012904,140799,false
제14대,R3D8899N,조홍규,012904,140799,false
제14대,0EI5067Y,한광옥,012904,140799,false
제14대,XLT4768V,김병오,012845,140740,false
제14대,SRH7774W,김인곤,012845,140740,false
제14대,3226963Z,김장곤,012845,140740,false
제14대,UWR1927I,김태식,012845,140740,false
제14대,MHE1145A,박상천,012845,140740,false
제14대,MHE1145A,박상천,012845,140740,false
제14대,YE691699,이규택,012845,140740,false
제14대,ZB14984Z,이길재,012845,140740,false
제14대,GXC8936S,이희천,012845,140740,false
제14대,MPQ32684,최욱철,012845,140740,false
제14대,IAB1039R,황윤기,012800,140694,true
제14대,6LQ1789H,김기배,012800,140694,false
제14대,6LQ1789H,김기배,012800,140694,false
제14대,UF42797P,백남치,012800,140694,false
제14대,MHE1145A,박상천,012798,140693,true
제14대,MHE1145A,박상천,012798,140693,true
제14대,KY92872I,강수림,012798,140693,false
제14대,VW61947B,강희찬,012798,140693,false
제14대,XLT4768V,김병오,012798,140693,false
제14대,S2C3781V,신계륜,012798,140693,false
제14대,NKK6370Y,양문희,012798,140693,false
제14대,0EI5067Y,한광옥,012798,140693,false
제14대,SRH7774W,김인곤,012792,140687,true
제14대,XLT4768V,김병오,012792,140687,false
제14대,3226963Z,김장곤,012792,140687,false
제14대,ERX2058H,김충조,012792,140687,false
제14대,UWR1927I,김태식,012792,140687,false
제14대,MHE1145A,박상천,012792,140687,false
제14대,MHE1145A,박상천,012792,140687,false
제14대,YE691699,이규택,012792,140687,false
제14대,ZB14984Z,이길재,012792,140687,false
제14대,GXC8936S,이희천,012792,140687,false
제14대,7GJ2564V,최락도,012792,140687,false
제14대,MPQ32684,최욱철,012792,140687,false
제14대,7TU84910,한화갑,012792,140687,false
제14대,SRH7774W,김인곤,012790,140686,true
제14대,XLT4768V,김병오,012790,140686,false
제14대,3226963Z,김장곤,012790,140686,false
제14대,UWR1927I,김태식,012790,140686,false
제14대,MHE1145A,박상천,012790,140686,false
제14대,MHE1145A,박상천,012790,140686,false
제14대,YE691699,이규택,012790,140686,false
제14대,ZB14984Z,이길재,012790,140686,false
제14대,GXC8936S,이희천,012790,140686,false
제14대,7GJ2564V,최락도,012790,140686,false
제14대,MPQ32684,최욱철,012790,140686,false
제14대,ACT1860R,조세형,012789,140685,true
제14대,T1Z9579M,권노갑,012789,140685,false
제14대,XLT4768V,김병오,012789,140685,false
제14대,W0L3395K,김옥두,012789,140685,false
제14대,CAH1307G,김종완,012789,140685,false
제14대,ERX2058H,김충조,012789,140685,false
제14대,MHE1145A,박상천,012789,140685,false
제14대,MHE1145A,박상천,012789,140685,false
제14대,1O451032,박실,012789,140685,false
제14대,HIT2733V,이영권,012789,140685,false
제14대,RDA1956L,이장희,012789,140685,false
제14대,G7D4763A,장영달,012789,140685,false
제14대,2PO2218L,정균환,012789,140685,false
제14대,7TU84910,한화갑,012789,140685,false
제14대,YEB5724H,김원길,012774,140668,true
제14대,XLT4768V,김병오,012774,140668,false
제14대,UWR1927I,김태식,012774,140668,false
제14대,A5H1527Z,박은태,012774,140668,false
제14대,L7S1608E,박일,012774,140668,false
제14대,WSO9079L,박태영,012774,140668,false
제14대,UMW2528R,이동근,012774,140668,false
제14대,F5N24241,장재식,012774,140668,false
제14대,I0R88909,최두환,012774,140668,false
제14대,9U97658K,홍영기,012774,140668,false
제14대,GZS38403,강우혁,012766,140660,true
제14대,RF233621,주양자,012759,140648,true
제14대,7TC9730R,최상용,012716,140611,true
제14대,3VF81352,구천서,012716,140611,false
제14대,B3A7296S,김중위,012716,140611,false
제14대,FSK25978,박근호,012716,140611,false
제14대,TPJ7150B,박제상,012716,140611,false
제14대,DCY93694,이종근,012716,140611,false
제14대,L6E5268E,이현수,012716,140611,false
제14대,3266583A,이호정,012716,140611,false
제14대,BEP5053G,황인성,012716,140611,false
제14대,6LQ1789H,김기배,012713,140609,true
제14대,6LQ1789H,김기배,012713,140609,true
제14대,2ZZ9356T,김채겸,012713,140609,false
제14대,RYK4883M,노인환,012713,140609,false
제14대,RLG4231U,이상득,012713,140609,false
제14대,VU95307T,이택석,012713,140609,false
제14대,EWB4602W,임춘원,012698,140591,true
제14대,3266583A,이호정,012698,140591,false
제14대,31E2086R,장석화,012698,140591,false
제14대,CGZ56614,임사빈,012697,140589,true
제14대,GZS38403,강우혁,012697,140589,false
제14대,S4B6672D,신경식,012697,140589,false
제14대,Q7D3831A,안찬희,012697,140589,false
제14대,HOO4824R,이긍규,012697,140589,false
제14대,RLG4231U,이상득,012697,140589,false
제14대,TNK9949W,이성호,012697,140589,false
제14대,19211414,이웅희,012697,140589,false
제14대,VU95307T,이택석,012697,140589,false
제14대,1G96387U,조진형,012697,140589,false
제14대,CHV1403B,강인섭,012681,140583,true
제14대,JRH2218E,장기욱,012672,140581,true
제14대,3VF81352,구천서,012672,140581,false
제14대,OKR39415,김원웅,012672,140581,false
제14대,X9Z79695,김호일,012672,140581,false
제14대,AZD9831F,제정구,012672,140581,false
제14대,ACT1860R,조세형,012645,140540,true
제14대,KY92872I,강수림,012645,140540,false
제14대,XLT4768V,김병오,012645,140540,false
제14대,MHE1145A,박상천,012645,140540,false
제14대,MHE1145A,박상천,012645,140540,false
제14대,1O451032,박실,012645,140540,false
제14대,2PO2218L,정균환,012645,140540,false
제14대,BW19186J,홍사덕,012645,140540,false
제14대,DY09919T,이원형,012644,140539,true
제14대,KY92872I,강수림,012644,140539,false
제14대,EBP9450V,강철선,012644,140539,false
제14대,XLT4768V,김병오,012644,140539,false
제14대,MHE1145A,박상천,012644,140539,false
제14대,MHE1145A,박상천,012644,140539,false
제14대,MVN8677Z,정기호,012644,140539,false
제14대,8DK5346K,허경만,012644,140539,false
제14대,XLT4768V,김병오,012643,140538,true
제14대,VZ17900R,남궁진,012643,140538,false
제14대,NKK6370Y,양문희,012640,140537,true
제14대,XLT4768V,김병오,012640,140537,false
제14대,JJ64316E,김상현,012640,140537,false
제14대,9ZP9014Q,이해찬,012640,140537,false
제14대,JRH2218E,장기욱,012640,140537,false
제14대,QJ74422A,정상용,012641,140536,true
제14대,IL798843,김명규,012641,140536,false
제14대,Y2W9921H,김영배,012641,140536,false
제14대,I9K4876K,이윤수,012641,140536,false
제14대,2PO2218L,정균환,012641,140536,false
제14대,7TU84910,한화갑,012641,140536,false
제14대,HOE21077,황의성,012641,140536,false
제14대,VW61947B,강희찬,012639,140535,false
제14대,4RF2451S,김원기,012639,140535,false
제14대,TF57207F,박광태,012639,140535,false
제14대,KFV94013,박정훈,012639,140535,false
제14대,VYI2708Q,신기하,012639,140535,false
제14대,GVS3975B,안동선,012639,140535,false
제14대,CKS9642T,이경재,012639,140535,false
제14대,I0R88909,최두환,012639,140535,false
제14대,I0R88909,최두환,012642,140534,true
제14대,YEB5724H,김원길,012642,140534,false
제14대,UWR1927I,김태식,012642,140534,false
제14대,A5H1527Z,박은태,012642,140534,false
제14대,L7S1608E,박일,012642,140534,false
제14대,WSO9079L,박태영,012642,140534,false
제14대,UMW2528R,이동근,012642,140534,false
제14대,F5N24241,장재식,012642,140534,false
제14대,9U97658K,홍영기,012642,140534,false
제14대,I0R88909,최두환,012638,140533,true
제14대,YEB5724H,김원길,012638,140533,false
제14대,UWR1927I,김태식,012638,140533,false
제14대,A5H1527Z,박은태,012638,140533,false
제14대,L7S1608E,박일,012638,140533,false
제14대,WSO9079L,박태영,012638,140533,false
제14대,UMW2528R,이동근,012638,140533,false
제14대,F5N24241,장재식,012638,140533,false
제14대,9U97658K,홍영기,012638,140533,false
제14대,F5N24241,장재식,012624,140522,true
제14대,XLT4768V,김병오,012624,140522,false
제14대,YEB5724H,김원길,012624,140522,false
제14대,UWR1927I,김태식,012624,140522,false
제14대,A5H1527Z,박은태,012624,140522,false
제14대,L7S1608E,박일,012624,140522,false
제14대,WSO9079L,박태영,012624,140522,false
제14대,UMW2528R,이동근,012624,140522,false
제14대,I0R88909,최두환,012624,140522,false
제14대,9U97658K,홍영기,012624,140522,false
제14대,2XL9644Y,신상식,012627,140521,true
제14대,35I30124,강삼재,012627,140521,false
제14대,1KZ38436,강신옥,012627,140521,false
제14대,3QR9592J,강용식,012627,140521,false
제14대,CHV1403B,강인섭,012627,140521,false
제14대,T0C2301Q,김영일,012627,140521,false
제14대,4MX3134T,김형오,012627,140521,false
제14대,QCQ12252,남재두,012627,140521,false
제14대,FR056047,문정수,012627,140521,false
제14대,M5K2466O,박범진,012627,140521,false
제14대,70X11962,박헌기,012627,140521,false
제14대,O7U5568F,박희부,012627,140521,false
제14대,FSN5613H,박희태,012627,140521,false
제14대,UF42797P,백남치,012627,140521,false
제14대,YZD5879G,성무용,012627,140521,false
제14대,W753054A,송천영,012627,140521,false
제14대,5MH6946W,양창식,012627,140521,false
제14대,95S94954,최재욱,012627,140521,false
제14대,BIY4474S,하순봉,012627,140521,false
제14대,IAB1039R,황윤기,012627,140521,false
제14대,2XL9644Y,신상식,012626,140520,true
제14대,35I30124,강삼재,012626,140520,false
제14대,1KZ38436,강신옥,012626,140520,false
제14대,3QR9592J,강용식,012626,140520,false
제14대,CHV1403B,강인섭,012626,140520,false
제14대,T0C2301Q,김영일,012626,140520,false
제14대,4MX3134T,김형오,012626,140520,false
제14대,QCQ12252,남재두,012626,140520,false
제14대,FR056047,문정수,012626,140520,false
제14대,M5K2466O,박범진,012626,140520,false
제14대,70X11962,박헌기,012626,140520,false
제14대,O7U5568F,박희부,012626,140520,false
제14대,FSN5613H,박희태,012626,140520,false
제14대,UF42797P,백남치,012626,140520,false
제14대,YZD5879G,성무용,012626,140520,false
제14대,W753054A,송천영,012626,140520,false
제14대,5MH6946W,양창식,012626,140520,false
제14대,95S94954,최재욱,012626,140520,false
제14대,BIY4474S,하순봉,012626,140520,false
제14대,IAB1039R,황윤기,012626,140520,false
제14대,2XL9644Y,신상식,012625,140519,true
제14대,35I30124,강삼재,012625,140519,false
제14대,1KZ38436,강신옥,012625,140519,false
제14대,3QR9592J,강용식,012625,140519,false
제14대,CHV1403B,강인섭,012625,140519,false
제14대,T0C2301Q,김영일,012625,140519,false
제14대,4MX3134T,김형오,012625,140519,false
제14대,QCQ12252,남재두,012625,140519,false
제14대,FR056047,문정수,012625,140519,false
제14대,M5K2466O,박범진,012625,140519,false
제14대,70X11962,박헌기,012625,140519,false
제14대,O7U5568F,박희부,012625,140519,false
제14대,FSN5613H,박희태,012625,140519,false
제14대,UF42797P,백남치,012625,140519,false
제14대,YZD5879G,성무용,012625,140519,false
제14대,W753054A,송천영,012625,140519,false
제14대,5MH6946W,양창식,012625,140519,false
제14대,95S94954,최재욱,012625,140519,false
제14대,BIY4474S,하순봉,012625,140519,false
제14대,IAB1039R,황윤기,012625,140519,false
제14대,1LA80851,박석무,012623,140518,true
제14대,OKR39415,김원웅,012623,140518,false
제14대,G7D4763A,장영달,012623,140518,false
제14대,XAT10663,홍기훈,012623,140518,false
제14대,F5N24241,장재식,012620,140517,true
제14대,XLT4768V,김병오,012620,140517,false
제14대,YEB5724H,김원길,012620,140517,false
제14대,UWR1927I,김태식,012620,140517,false
제14대,A5H1527Z,박은태,012620,140517,false
제14대,L7S1608E,박일,012620,140517,false
제14대,WSO9079L,박태영,012620,140517,false
제14대,UMW2528R,이동근,012620,140517,false
제14대,I0R88909,최두환,012620,140517,false
제14대,9U97658K,홍영기,012620,140517,false
제14대,F5N24241,장재식,012621,140516,true
제14대,XLT4768V,김병오,012621,140516,false
제14대,YEB5724H,김원길,012621,140516,false
제14대,UWR1927I,김태식,012621,140516,false
제14대,A5H1527Z,박은태,012621,140516,false
제14대,L7S1608E,박일,012621,140516,false
제14대,WSO9079L,박태영,012621,140516,false
제14대,UMW2528R,이동근,012621,140516,false
제14대,I0R88909,최두환,012621,140516,false
제14대,9U97658K,홍영기,012621,140516,false
제14대,F5N24241,장재식,012617,140515,true
제14대,XLT4768V,김병오,012617,140515,false
제14대,YEB5724H,김원길,012617,140515,false
제14대,UWR1927I,김태식,012617,140515,false
제14대,A5H1527Z,박은태,012617,140515,false
제14대,L7S1608E,박일,012617,140515,false
제14대,WSO9079L,박태영,012617,140515,false
제14대,UMW2528R,이동근,012617,140515,false
제14대,I0R88909,최두환,012617,140515,false
제14대,9U97658K,홍영기,012617,140515,false
제14대,F5N24241,장재식,012619,140514,true
제14대,XLT4768V,김병오,012619,140514,false
제14대,YEB5724H,김원길,012619,140514,false
제14대,UWR1927I,김태식,012619,140514,false
제14대,A5H1527Z,박은태,012619,140514,false
제14대,L7S1608E,박일,012619,140514,false
제14대,WSO9079L,박태영,012619,140514,false
제14대,UMW2528R,이동근,012619,140514,false
제14대,I0R88909,최두환,012619,140514,false
제14대,9U97658K,홍영기,012619,140514,false
제14대,TF57207F,박광태,012622,140513,true
제14대,7TC9730R,최상용,012618,140512,true
제14대,95S94954,최재욱,012615,140510,true
제14대,VU95307T,이택석,012615,140510,false
제14대,W8L79935,이강두,012611,140507,true
제14대,XLT4768V,김병오,012607,140502,false
제14대,YEB5724H,김원길,012607,140502,false
제14대,UWR1927I,김태식,012607,140502,false
제14대,L7S1608E,박일,012607,140502,false
제14대,CKS9642T,이경재,012607,140502,false
제14대,F5N24241,장재식,012607,140502,false
제14대,I0R88909,최두환,012607,140502,false
제14대,9U97658K,홍영기,012607,140502,false
제14대,LU06564Z,정대철,012606,140501,true
제14대,KFV94013,박정훈,012606,140501,false
제14대,RF233621,주양자,012605,140500,true
제14대,O3I2054Z,권해옥,012604,140499,true
제14대,IAB1039R,황윤기,012604,140499,false
제14대,PT581709,함석재,012603,140498,true
제14대,70X11962,박헌기,012602,140497,true
제14대,G4899242,김기도,012602,140497,false
제14대,KDB6892X,김덕규,012601,140496,false
제14대,OS91397X,신진욱,012601,140496,false
제14대,7Q05452E,이기택,012601,140496,false
제14대,9X386624,이철,012601,140496,false
제14대,9X386624,이철,012601,140496,false
제14대,ACT1860R,조세형,012601,140496,false
제14대,R3D8899N,조홍규,012601,140496,false
제14대,2LX5217V,박계동,012600,140495,true
제14대,NSK21294,국종남,012600,140495,false
제14대,8BF5855P,박지원,012600,140495,false
제14대,UWS28633,임채정,012600,140495,false
제14대,P1T31301,채영석,012600,140495,false
제14대,MHE1145A,박상천,012580,140469,true
제14대,MHE1145A,박상천,012580,140469,true
제14대,W0L3395K,김옥두,012580,140469,false
제14대,CAH1307G,김종완,012580,140469,false
제14대,ERX2058H,김충조,012580,140469,false
제14대,IYD4143Y,문희상,012580,140469,false
제14대,RDA1956L,이장희,012580,140469,false
제14대,BJG5829N,이협,012580,140469,false
제14대,MHE1145A,박상천,012574,140468,true
제14대,MHE1145A,박상천,012574,140468,true
제14대,W0L3395K,김옥두,012574,140468,false
제14대,CAH1307G,김종완,012574,140468,false
제14대,ERX2058H,김충조,012574,140468,false
제14대,IYD4143Y,문희상,012574,140468,false
제14대,RDA1956L,이장희,012574,140468,false
제14대,BJG5829N,이협,012574,140468,false
제14대,2LX5217V,박계동,012573,140467,true
제14대,NSK21294,국종남,012573,140467,false
제14대,8BF5855P,박지원,012573,140467,false
제14대,UWS28633,임채정,012573,140467,false
제14대,P1T31301,채영석,012573,140467,false
제14대,JQ81454B,문창모,012489,140385,true
제14대,JQ81454B,문창모,012490,140384,true
제14대,MHE1145A,박상천,012442,140334,true
제14대,MHE1145A,박상천,012442,140334,true
제14대,KY92872I,강수림,012442,140334,false
제14대,EBP9450V,강철선,012442,140334,false
제14대,XLT4768V,김병오,012442,140334,false
제14대,ERX2058H,김충조,012442,140334,false
제14대,NKK6370Y,양문희,012442,140334,false
제14대,UWS28633,임채정,012442,140334,false
제14대,JRH2218E,장기욱,012442,140334,false
제14대,ACT1860R,조세형,012443,140333,true
제14대,XLT4768V,김병오,012443,140333,false
제14대,MHE1145A,박상천,012443,140333,false
제14대,MHE1145A,박상천,012443,140333,false
제14대,BJG5829N,이협,012443,140333,false
제14대,2PO2218L,정균환,012443,140333,false
제14대,MVN8677Z,정기호,012443,140333,false
제14대,BW19186J,홍사덕,012443,140333,false
제14대,G4899242,김기도,012395,140290,true
제14대,2PC65130,배명국,012395,140290,false
제14대,FSN5613H,박희태,012391,140286,true
제14대,1KZ38436,강신옥,012391,140286,false
제14대,T0C2301Q,김영일,012391,140286,false
제14대,QCQ12252,남재두,012391,140286,false
제14대,2XL9644Y,신상식,012391,140286,false
제14대,5MH6946W,양창식,012391,140286,false
제14대,PB06312E,정장현,012375,140282,true
제14대,MHE1145A,박상천,012364,140260,true
제14대,MHE1145A,박상천,012364,140260,true
제14대,KY92872I,강수림,012364,140260,false
제14대,EBP9450V,강철선,012364,140260,false
제14대,1O451032,박실,012364,140260,false
제14대,REX1877I,오탄,012364,140260,false
제14대,DY09919T,이원형,012364,140260,false
제14대,MVN8677Z,정기호,012364,140260,false
제14대,RAU77180,조순승,012364,140260,false
제14대,YEB5724H,김원길,012363,140258,true
제14대,XLT4768V,김병오,012363,140258,false
제14대,UWR1927I,김태식,012363,140258,false
제14대,MHE1145A,박상천,012363,140258,false
제14대,MHE1145A,박상천,012363,140258,false
제14대,L7S1608E,박일,012363,140258,false
제14대,F5N24241,장재식,012363,140258,false
제14대,I0R88909,최두환,012363,140258,false
제14대,BW19186J,홍사덕,012363,140258,false
제14대,9U97658K,홍영기,012363,140258,false
제14대,DY09919T,이원형,012358,140253,true
제14대,KY92872I,강수림,012358,140253,false
제14대,EBP9450V,강철선,012358,140253,false
제14대,MHE1145A,박상천,012358,140253,false
제14대,MHE1145A,박상천,012358,140253,false
제14대,MVN8677Z,정기호,012358,140253,false
제14대,ACT1860R,조세형,012353,140248,true
제14대,3226963Z,김장곤,012353,140248,false
제14대,KFV94013,박정훈,012353,140248,false
제14대,6DG91769,원혜영,012353,140248,false
제14대,9ZP9014Q,이해찬,012353,140248,false
제14대,JRH2218E,장기욱,012353,140248,false
제14대,31E2086R,장석화,012353,140248,false
제14대,1LA80851,박석무,012351,140247,true
제14대,OKR39415,김원웅,012351,140247,false
제14대,G7D4763A,장영달,012351,140247,false
제14대,XAT10663,홍기훈,012351,140247,false
제14대,1LA80851,박석무,012352,140246,true
제14대,OKR39415,김원웅,012352,140246,false
제14대,G7D4763A,장영달,012352,140246,false
제14대,XAT10663,홍기훈,012352,140246,false
제14대,MHE1145A,박상천,012349,140245,true
제14대,MHE1145A,박상천,012349,140245,true
제14대,MFE1178B,강창성,012349,140245,false
제14대,DY09919T,이원형,012349,140245,false
제14대,2PO2218L,정균환,012349,140245,false
제14대,QJ74422A,정상용,012349,140245,false
제14대,I0R88909,최두환,012349,140245,false
제14대,BW19186J,홍사덕,012349,140245,false
제14대,LU06564Z,정대철,012350,140244,true
제14대,KY92872I,강수림,012350,140244,false
제14대,MFE1178B,강창성,012350,140244,false
제14대,MHE1145A,박상천,012350,140244,false
제14대,MHE1145A,박상천,012350,140244,false
제14대,HIT2733V,이영권,012350,140244,false
제14대,RX273873,임복진,012350,140244,false
제14대,RX273873,임복진,012350,140244,false
제14대,RAU77180,조순승,012350,140244,false
제14대,I0R88909,최두환,012350,140244,false
제14대,T1Z9579M,권노갑,012348,140243,true
제14대,KY92872I,강수림,012348,140243,false
제14대,MHE1145A,박상천,012348,140243,false
제14대,MHE1145A,박상천,012348,140243,false
제14대,RX273873,임복진,012348,140243,false
제14대,RX273873,임복진,012348,140243,false
제14대,8YU2963V,장준익,012348,140243,false
제14대,I0R88909,최두환,012348,140243,false
제14대,6LQ1789H,김기배,012343,140238,true
제14대,6LQ1789H,김기배,012343,140238,true
제14대,1KZ38436,강신옥,012343,140238,false
제14대,33J43967,서상목,012343,140238,false
제14대,2XL9644Y,신상식,012342,140237,true
제14대,T0C2301Q,김영일,012342,140237,false
제14대,B3A7296S,김중위,012342,140237,false
제14대,QCQ12252,남재두,012342,140237,false
제14대,M5K2466O,박범진,012342,140237,false
제14대,UF42797P,백남치,012342,140237,false
제14대,YZD5879G,성무용,012342,140237,false
제14대,95S94954,최재욱,012342,140237,false
제14대,BIY4474S,하순봉,012342,140237,false
제14대,QBY2805Y,이부영,012329,140224,true
제14대,KY92872I,강수림,012329,140224,false
제14대,OKR39415,김원웅,012329,140224,false
제14대,2LX5217V,박계동,012329,140224,false
제14대,MHE1145A,박상천,012329,140224,false
제14대,MHE1145A,박상천,012329,140224,false
제14대,6DG91769,원혜영,012329,140224,false
제14대,GMK1374L,이석현,012329,140224,false
제14대,GMK1374L,이석현,012329,140224,false
제14대,BJG5829N,이협,012329,140224,false
제14대,EC995719,구자춘,012326,140221,true
제14대,MHE1145A,박상천,012304,140202,true
제14대,MHE1145A,박상천,012304,140202,true
제14대,09G6971N,김충현,012304,140202,false
제14대,6VW96635,신순범,012304,140202,false
제14대,HIT2733V,이영권,012304,140202,false
제14대,0EI5067Y,한광옥,012304,140202,false
제14대,QJ74422A,정상용,012306,140201,true
제14대,IL798843,김명규,012306,140201,false
제14대,Y2W9921H,김영배,012306,140201,false
제14대,I9K4876K,이윤수,012306,140201,false
제14대,2PO2218L,정균환,012306,140201,false
제14대,7TU84910,한화갑,012306,140201,false
제14대,HOE21077,황의성,012306,140201,false
제14대,MHE1145A,박상천,012305,140200,true
제14대,MHE1145A,박상천,012305,140200,true
제14대,KY92872I,강수림,012305,140200,false
제14대,09G6971N,김충현,012305,140200,false
제14대,DY09919T,이원형,012305,140200,false
제14대,RAU77180,조순승,012305,140200,false
제14대,MHE1145A,박상천,012298,140199,true
제14대,MHE1145A,박상천,012298,140199,true
제14대,KY92872I,강수림,012298,140199,false
제14대,09G6971N,김충현,012298,140199,false
제14대,DY09919T,이원형,012298,140199,false
제14대,RAU77180,조순승,012298,140199,false
제14대,MHE1145A,박상천,012303,140198,true
제14대,MHE1145A,박상천,012303,140198,true
제14대,KY92872I,강수림,012303,140198,false
제14대,09G6971N,김충현,012303,140198,false
제14대,DY09919T,이원형,012303,140198,false
제14대,RAU77180,조순승,012303,140198,false
제14대,MHE1145A,박상천,012300,140197,true
제14대,MHE1145A,박상천,012300,140197,true
제14대,KY92872I,강수림,012300,140197,false
제14대,09G6971N,김충현,012300,140197,false
제14대,DY09919T,이원형,012300,140197,false
제14대,RAU77180,조순승,012300,140197,false
제14대,MHE1145A,박상천,012307,140196,true
제14대,MHE1145A,박상천,012307,140196,true
제14대,IL798843,김명규,012307,140196,false
제14대,DY09919T,이원형,012307,140196,false
제14대,9X386624,이철,012307,140196,false
제14대,9X386624,이철,012307,140196,false
제14대,P1T31301,채영석,012307,140196,false
제14대,R3D8899N,조홍규,012302,140195,true
제14대,KDB6892X,김덕규,012302,140195,false
제14대,OS91397X,신진욱,012302,140195,false
제14대,7Q05452E,이기택,012302,140195,false
제14대,ACT1860R,조세형,012302,140195,false
제14대,HIT2733V,이영권,012301,140194,true
제14대,2XV6939Q,김말룡,012296,140189,true
제14대,2XV6939Q,김말룡,012293,140188,true
제14대,2XV6939Q,김말룡,012295,140187,true
제14대,B3A7296S,김중위,012290,140186,true
제14대,ERX2058H,김충조,012250,140145,true
제14대,R3D8899N,조홍규,012249,140144,true
제14대,2ZZ9356T,김채겸,012248,140143,true
제14대,ILT4823Z,김정남,012248,140143,false
제14대,R3D8899N,조홍규,012248,140143,false
제14대,SRH7774W,김인곤,012245,140137,false
제14대,3226963Z,김장곤,012245,140137,false
제14대,CAH1307G,김종완,012245,140137,false
제14대,YE691699,이규택,012245,140137,false
제14대,ZB14984Z,이길재,012245,140137,false
제14대,GXC8936S,이희천,012245,140137,false
제14대,7GJ2564V,최락도,012245,140137,false
제14대,F5N24241,장재식,012238,140134,true
제14대,YEB5724H,김원길,012238,140134,false
제14대,UWR1927I,김태식,012238,140134,false
제14대,A5H1527Z,박은태,012238,140134,false
제14대,L7S1608E,박일,012238,140134,false
제14대,WSO9079L,박태영,012238,140134,false
제14대,UMW2528R,이동근,012238,140134,false
제14대,I0R88909,최두환,012238,140134,false
제14대,9U97658K,홍영기,012238,140134,false
제14대,F5N24241,장재식,012239,140133,true
제14대,YEB5724H,김원길,012239,140133,false
제14대,UWR1927I,김태식,012239,140133,false
제14대,A5H1527Z,박은태,012239,140133,false
제14대,L7S1608E,박일,012239,140133,false
제14대,WSO9079L,박태영,012239,140133,false
제14대,UMW2528R,이동근,012239,140133,false
제14대,I0R88909,최두환,012239,140133,false
제14대,9U97658K,홍영기,012239,140133,false
제14대,VLP8819K,변정일,012234,140129,true
제14대,DY09919T,이원형,012229,140127,true
제14대,1LA80851,박석무,012228,140126,true
제14대,OKR39415,김원웅,012228,140126,false
제14대,G7D4763A,장영달,012228,140126,false
제14대,XAT10663,홍기훈,012228,140126,false
제14대,A5H1527Z,박은태,012216,140105,true
제14대,IOI30449,김봉호,012208,140103,true
제14대,SRH7774W,김인곤,012208,140103,false
제14대,3226963Z,김장곤,012208,140103,false
제14대,CAH1307G,김종완,012208,140103,false
제14대,YE691699,이규택,012208,140103,false
제14대,ZB14984Z,이길재,012208,140103,false
제14대,GXC8936S,이희천,012208,140103,false
제14대,7GJ2564V,최락도,012208,140103,false
제14대,RCJ2180Y,심정구,012201,140099,true
제14대,HJI9845B,이인제,012204,140098,true
제14대,BEP5053G,황인성,012156,140048,true
제14대,A7F2172M,김동근,012156,140048,false
제14대,7XO6069V,김영수,012156,140048,false
제14대,04Z5194C,김인영,012156,140048,false
제14대,A1819526,김정수,012156,140048,false
제14대,B3A7296S,김중위,012156,140048,false
제14대,6545933G,나웅배,012156,140048,false
제14대,M5K2466O,박범진,012156,140048,false
제14대,HCN4630J,심명보,012156,140048,false
제14대,IAB1039R,황윤기,012150,140044,true
제14대,MHE1145A,박상천,012146,140042,true
제14대,MHE1145A,박상천,012146,140042,true
제14대,IYD4143Y,문희상,012146,140042,false
제14대,JRH2218E,장기욱,012146,140042,false
제14대,MHE1145A,박상천,012147,140041,true
제14대,MHE1145A,박상천,012147,140041,true
제14대,IYD4143Y,문희상,012147,140041,false
제14대,JRH2218E,장기욱,012147,140041,false
제14대,MHE1145A,박상천,012145,140040,true
제14대,MHE1145A,박상천,012145,140040,true
제14대,IYD4143Y,문희상,012145,140040,false
제14대,JRH2218E,장기욱,012145,140040,false
제14대,E5X4403T,황명수,012134,140029,true
제14대,OIV73983,서수종,012132,140027,true
제14대,MHE1145A,박상천,012131,140026,true
제14대,ALM3369J,신재기,012123,140023,true
제14대,K8S19484,민태구,012126,140022,true
제14대,J6J6288S,이영문,012125,140021,true
제14대,NSW3570Z,정시채,012127,140020,true
제14대,HOO4824R,이긍규,012127,140020,false
제14대,PMN7940F,김윤환,012124,140019,true
제14대,O3I2054Z,권해옥,012124,140019,false
제14대,P5B5484Y,강선영,012128,140018,true
제14대,RF233621,주양자,012128,140018,false
